method,profile_type,T0,run_id,seed,hv,pareto_size,pareto_feas,f1_interest_mean,cog_gap_mean,f3_coherence_mean,feasible_ratio,runtime_sec
SA_MOEAD,child,300,1,43,0.044977,100,100,0.579901,0.005525,0.107603,1.000000,10.869621
SA_MOEAD,child,300,2,44,0.048381,100,47,0.483315,0.026436,0.176618,0.470000,26.035312
SA_MOEAD,child,300,3,45,0.053540,100,78,0.546667,0.012821,0.135520,0.780000,20.838620
SA_MOEAD,child,300,4,46,0.048934,90,87,0.546839,0.040632,0.133534,0.966667,13.340264
SA_MOEAD,child,300,5,47,0.047919,95,53,0.487387,0.024670,0.167103,0.557895,24.381879
SA_MOEAD,child,300,6,48,0.053201,94,63,0.520743,0.017897,0.144401,0.670213,21.780492
SA_MOEAD,child,300,7,49,0.048385,90,36,0.489819,0.022222,0.158873,0.400000,33.986271
SA_MOEAD,child,300,8,50,0.045503,90,90,0.569778,0.049417,0.083696,1.000000,11.422685
SA_MOEAD,child,300,9,51,0.043042,100,100,0.556184,0.008000,0.098279,1.000000,11.142368
SA_MOEAD,child,300,10,52,0.044076,99,99,0.559867,0.033889,0.085188,1.000000,12.949355
SA_MOEAD,child,300,11,53,0.051334,99,53,0.511429,0.017170,0.136226,0.535354,28.053051
SA_MOEAD,child,300,12,54,0.043177,96,84,0.524806,0.012440,0.112000,0.875000,25.702103
SA_MOEAD,child,300,13,55,0.043106,89,80,0.535762,0.010906,0.103088,0.898876,19.565873
SA_MOEAD,child,300,14,56,0.041649,98,35,0.489924,0.016143,0.133230,0.357143,31.924426
SA_MOEAD,child,300,15,57,0.050946,74,37,0.490316,0.023041,0.150920,0.500000,29.653529
SA_MOEAD,child,300,16,58,0.052685,99,99,0.557189,0.040429,0.120333,1.000000,14.948255
SA_MOEAD,child,300,17,59,0.040607,82,57,0.483810,0.015088,0.119719,0.695122,27.458298
SA_MOEAD,child,300,18,60,0.050698,91,33,0.488368,0.024697,0.161796,0.362637,33.223225
SA_MOEAD,child,300,19,61,0.055051,78,78,0.557999,0.028910,0.139473,1.000000,12.655440
SA_MOEAD,child,300,20,62,0.043490,96,92,0.517280,0.013696,0.111466,0.958333,28.588874
SA_MOEAD,child,300,21,63,0.052822,100,63,0.548101,0.026865,0.134746,0.630000,20.910919
SA_MOEAD,child,300,22,64,0.054003,100,100,0.576292,0.024000,0.150458,1.000000,11.190759
SA_MOEAD,child,300,23,65,0.050712,97,41,0.486675,0.022683,0.165577,0.422680,35.025024
SA_MOEAD,child,300,24,66,0.052529,92,40,0.509706,0.022000,0.159774,0.434783,26.950759
SA_MOEAD,child,300,25,67,0.042641,92,92,0.548904,0.011223,0.092434,1.000000,10.321140
SA_MOEAD,child,300,26,68,0.055940,100,100,0.629325,0.034350,0.129022,1.000000,9.695437
SA_MOEAD,child,300,27,69,0.040443,100,68,0.486894,0.015772,0.120083,0.680000,25.053518
SA_MOEAD,child,300,28,70,0.054105,98,89,0.544234,0.026854,0.129992,0.908163,20.085719
SA_MOEAD,child,300,29,71,0.057441,100,68,0.546578,0.017059,0.179914,0.680000,20.103314
SA_MOEAD,child,300,30,72,0.040402,99,68,0.479962,0.015846,0.123205,0.686869,25.323426
SA_MOEAD,child,600,1,43,0.041109,97,97,0.534127,0.020438,0.104510,1.000000,20.874522
SA_MOEAD,child,600,2,44,0.040722,93,84,0.512267,0.011310,0.125944,0.903226,32.860654
SA_MOEAD,child,600,3,45,0.038472,80,71,0.495784,0.008239,0.108446,0.887500,43.975625
SA_MOEAD,child,600,4,46,0.039339,89,89,0.555282,0.041489,0.084250,1.000000,23.833229
SA_MOEAD,child,600,5,47,0.043262,84,84,0.557908,0.016488,0.105886,1.000000,17.984725
SA_MOEAD,child,600,6,48,0.046618,95,95,0.535137,0.009132,0.134627,1.000000,23.515828
SA_MOEAD,child,600,7,49,0.040003,97,97,0.507626,0.019562,0.113443,1.000000,15.258020
SA_MOEAD,child,600,8,50,0.052243,93,93,0.518806,0.008118,0.131935,1.000000,12.066207
SA_MOEAD,child,600,9,51,0.040651,92,92,0.528889,0.017948,0.104529,1.000000,11.043208
SA_MOEAD,child,600,10,52,0.039748,91,91,0.521588,0.009505,0.110194,1.000000,26.213612
SA_MOEAD,child,600,11,53,0.042106,89,89,0.540013,0.010660,0.112905,1.000000,23.555205
SA_MOEAD,child,600,12,54,0.049714,80,80,0.526049,0.008703,0.130995,1.000000,14.614018
SA_MOEAD,child,600,13,55,0.041697,96,96,0.532402,0.024010,0.103441,1.000000,19.858201
SA_MOEAD,child,600,14,56,0.047896,95,95,0.543550,0.014487,0.125726,1.000000,15.653765
SA_MOEAD,child,600,15,57,0.040217,90,90,0.542402,0.031458,0.096778,1.000000,29.604753
SA_MOEAD,child,600,16,58,0.041533,86,86,0.543477,0.028721,0.094230,1.000000,13.393645
SA_MOEAD,child,600,17,59,0.042096,88,88,0.530749,0.012230,0.113717,1.000000,21.186710
SA_MOEAD,child,600,18,60,0.058027,89,89,0.528013,0.010028,0.160018,1.000000,10.032992
SA_MOEAD,child,600,19,61,0.042372,86,86,0.532429,0.009070,0.113552,1.000000,22.407533
SA_MOEAD,child,600,20,62,0.049257,93,93,0.540309,0.015363,0.132557,1.000000,14.107792
SA_MOEAD,child,600,21,63,0.037919,95,95,0.562662,0.023092,0.097750,1.000000,18.911201
SA_MOEAD,child,600,22,64,0.035324,88,88,0.530916,0.018778,0.093828,1.000000,12.845780
SA_MOEAD,child,600,23,65,0.047499,99,99,0.544466,0.014545,0.138977,1.000000,23.117380
SA_MOEAD,child,600,24,66,0.046443,83,83,0.526914,0.006099,0.125594,1.000000,10.438724
SA_MOEAD,child,600,25,67,0.040080,93,93,0.561496,0.021855,0.104884,1.000000,10.158503
SA_MOEAD,child,600,26,68,0.042491,99,99,0.531074,0.016174,0.109162,1.000000,30.646303
SA_MOEAD,child,600,27,69,0.058636,87,87,0.538034,0.009152,0.153340,1.000000,12.235175
SA_MOEAD,child,600,28,70,0.058447,94,94,0.528606,0.011330,0.163414,1.000000,12.339664
SA_MOEAD,child,600,29,71,0.054914,96,96,0.546212,0.036771,0.135260,1.000000,9.491820
SA_MOEAD,child,600,30,72,0.058453,99,99,0.530144,0.010126,0.159033,1.000000,9.942031
SA_MOEAD,scholar,300,1,43,0.034775,98,98,0.714739,0.198724,0.088719,1.000000,3.792763
SA_MOEAD,scholar,300,2,44,0.030539,89,89,0.635935,0.240618,0.080327,1.000000,5.030608
SA_MOEAD,scholar,300,3,45,0.047345,95,95,0.627254,0.196158,0.116184,1.000000,4.012531
SA_MOEAD,scholar,300,4,46,0.036655,87,87,0.729459,0.193649,0.105317,1.000000,4.724113
SA_MOEAD,scholar,300,5,47,0.039416,100,100,0.712501,0.205000,0.126557,1.000000,3.827080
SA_MOEAD,scholar,300,6,48,0.048294,88,88,0.727459,0.181136,0.143670,1.000000,5.273064
SA_MOEAD,scholar,300,7,49,0.039362,89,89,0.765475,0.197865,0.074688,1.000000,4.044141
SA_MOEAD,scholar,300,8,50,0.039113,100,100,0.751041,0.117500,0.136152,1.000000,3.535259
SA_MOEAD,scholar,300,9,51,0.034900,98,98,0.725831,0.184082,0.110184,1.000000,3.985246
SA_MOEAD,scholar,300,10,52,0.035920,99,99,0.691149,0.195328,0.098583,1.000000,3.721088
SA_MOEAD,scholar,300,11,53,0.033850,96,96,0.716042,0.175911,0.084966,1.000000,4.844601
SA_MOEAD,scholar,300,12,54,0.033974,89,89,0.684420,0.176910,0.067121,1.000000,4.393697
SA_MOEAD,scholar,300,13,55,0.037205,85,85,0.739415,0.197500,0.115726,1.000000,5.064474
SA_MOEAD,scholar,300,14,56,0.042073,95,95,0.674064,0.240605,0.119038,1.000000,4.568877
SA_MOEAD,scholar,300,15,57,0.045311,80,80,0.668278,0.189750,0.121675,1.000000,3.978355
SA_MOEAD,scholar,300,16,58,0.051854,87,87,0.685539,0.225661,0.156960,1.000000,3.816467
SA_MOEAD,scholar,300,17,59,0.037594,90,90,0.753603,0.212333,0.087696,1.000000,4.541360
SA_MOEAD,scholar,300,18,60,0.033124,96,96,0.716042,0.226536,0.098316,1.000000,3.501784
SA_MOEAD,scholar,300,19,61,0.037655,78,78,0.721901,0.175962,0.110244,1.000000,3.657680
SA_MOEAD,scholar,300,20,62,0.032592,96,96,0.650847,0.225677,0.065994,1.000000,4.546148
SA_MOEAD,scholar,300,21,63,0.043188,99,99,0.747048,0.141667,0.139988,1.000000,4.244655
SA_MOEAD,scholar,300,22,64,0.034041,90,90,0.780687,0.217806,0.089382,1.000000,3.863715
SA_MOEAD,scholar,300,23,65,0.032139,86,86,0.619662,0.221628,0.087277,1.000000,4.940730
SA_MOEAD,scholar,300,24,66,0.038007,100,100,0.745112,0.159650,0.128212,1.000000,3.514601
SA_MOEAD,scholar,300,25,67,0.046010,99,99,0.803945,0.125530,0.109605,1.000000,3.804776
SA_MOEAD,scholar,300,26,68,0.043620,97,97,0.674633,0.222371,0.116682,1.000000,3.722308
SA_MOEAD,scholar,300,27,69,0.056886,83,83,0.783584,0.151687,0.135098,1.000000,3.608362
SA_MOEAD,scholar,300,28,70,0.031644,93,93,0.684098,0.200591,0.092014,1.000000,3.587165
SA_MOEAD,scholar,300,29,71,0.036591,91,91,0.787963,0.190824,0.080720,1.000000,4.222136
SA_MOEAD,scholar,300,30,72,0.051288,99,99,0.730079,0.158813,0.123825,1.000000,5.424970
SA_MOEAD,scholar,600,1,43,0.036122,99,99,0.815020,0.143261,0.113903,1.000000,4.762914
SA_MOEAD,scholar,600,2,44,0.035912,97,97,0.844987,0.163763,0.092208,1.000000,5.083180
SA_MOEAD,scholar,600,3,45,0.040411,86,86,0.806662,0.133980,0.075405,1.000000,4.975265
SA_MOEAD,scholar,600,4,46,0.034072,77,77,0.850412,0.158511,0.080918,1.000000,4.803660
SA_MOEAD,scholar,600,5,47,0.041449,76,76,0.765034,0.210258,0.116786,1.000000,5.105449
SA_MOEAD,scholar,600,6,48,0.038767,89,89,0.774332,0.157502,0.106668,1.000000,5.002033
SA_MOEAD,scholar,600,7,49,0.030019,98,98,0.792385,0.179723,0.088735,1.000000,4.796491
SA_MOEAD,scholar,600,8,50,0.034562,97,97,0.816146,0.114993,0.108451,1.000000,4.772663
SA_MOEAD,scholar,600,9,51,0.037454,91,91,0.804925,0.119482,0.107645,1.000000,4.775776
SA_MOEAD,scholar,600,10,52,0.031530,91,91,0.778526,0.175008,0.086012,1.000000,4.923745
SA_MOEAD,scholar,600,11,53,0.041015,92,92,0.803316,0.142444,0.108853,1.000000,5.116965
SA_MOEAD,scholar,600,12,54,0.036038,86,86,0.807839,0.147708,0.114516,1.000000,4.737117
SA_MOEAD,scholar,600,13,55,0.040947,80,80,0.756688,0.175250,0.096081,1.000000,5.162640
SA_MOEAD,scholar,600,14,56,0.036510,68,68,0.760418,0.181843,0.102629,1.000000,4.942166
SA_MOEAD,scholar,600,15,57,0.037302,80,80,0.756394,0.199868,0.114474,1.000000,4.986232
SA_MOEAD,scholar,600,16,58,0.032272,56,56,0.765242,0.184997,0.092830,1.000000,5.037887
SA_MOEAD,scholar,600,17,59,0.045392,97,97,0.790943,0.159534,0.120652,1.000000,5.145277
SA_MOEAD,scholar,600,18,60,0.038435,89,89,0.768251,0.160668,0.106939,1.000000,4.986993
SA_MOEAD,scholar,600,19,61,0.037704,86,86,0.870491,0.181240,0.068958,1.000000,4.635191
SA_MOEAD,scholar,600,20,62,0.035717,99,99,0.713751,0.168588,0.103378,1.000000,5.023614
SA_MOEAD,scholar,600,21,63,0.048428,98,98,0.791712,0.143453,0.121955,1.000000,5.160891
SA_MOEAD,scholar,600,22,64,0.043843,94,94,0.768012,0.195378,0.115300,1.000000,5.593539
SA_MOEAD,scholar,600,23,65,0.030533,94,94,0.786484,0.148602,0.081773,1.000000,5.200885
SA_MOEAD,scholar,600,24,66,0.042015,98,98,0.796586,0.145935,0.109829,1.000000,5.808697
SA_MOEAD,scholar,600,25,67,0.039193,69,69,0.758066,0.172730,0.094473,1.000000,5.174756
SA_MOEAD,scholar,600,26,68,0.034839,93,93,0.759744,0.191671,0.087610,1.000000,5.074431
SA_MOEAD,scholar,600,27,69,0.038252,98,98,0.804821,0.152467,0.115847,1.000000,4.904671
SA_MOEAD,scholar,600,28,70,0.034084,78,78,0.836469,0.153077,0.070364,1.000000,5.058437
SA_MOEAD,scholar,600,29,71,0.033103,63,63,0.691472,0.203665,0.093404,1.000000,5.178734
SA_MOEAD,scholar,600,30,72,0.036197,81,81,0.750082,0.183933,0.084466,1.000000,5.120675
SA_MOEAD,tourist,300,1,43,0.035226,92,92,0.447214,0.012826,0.144143,1.000000,4.738155
SA_MOEAD,tourist,300,2,44,0.036322,97,97,0.447214,0.029046,0.141730,1.000000,4.731340
SA_MOEAD,tourist,300,3,45,0.036513,94,94,0.447214,0.023750,0.142846,1.000000,5.377971
SA_MOEAD,tourist,300,4,46,0.035868,77,77,0.447214,0.017435,0.133610,1.000000,5.282126
SA_MOEAD,tourist,300,5,47,0.036628,100,100,0.447214,0.027625,0.146506,1.000000,6.104182
SA_MOEAD,tourist,300,6,48,0.038435,99,99,0.447214,0.024747,0.166125,1.000000,4.951254
SA_MOEAD,tourist,300,7,49,0.046915,98,98,0.447214,0.024541,0.180484,1.000000,4.826935
SA_MOEAD,tourist,300,8,50,0.042277,71,71,0.447214,0.026268,0.134452,1.000000,5.212896
SA_MOEAD,tourist,300,9,51,0.032712,100,100,0.447214,0.000000,0.146291,1.000000,3.525145
SA_MOEAD,tourist,300,10,52,0.036225,91,91,0.447214,0.027775,0.141333,1.000000,5.706484
SA_MOEAD,tourist,300,11,53,0.036255,93,93,0.447214,0.022796,0.136476,1.000000,5.678748
SA_MOEAD,tourist,300,12,54,0.046701,84,84,0.447214,0.021964,0.169228,1.000000,4.689056
SA_MOEAD,tourist,300,13,55,0.036280,76,76,0.447214,0.026316,0.138792,1.000000,5.503222
SA_MOEAD,tourist,300,14,56,0.035613,76,76,0.447214,0.022533,0.125016,1.000000,4.660343
SA_MOEAD,tourist,300,15,57,0.047026,96,96,0.447214,0.013594,0.192876,1.000000,4.412383
SA_MOEAD,tourist,300,16,58,0.043495,98,98,0.447214,0.025153,0.172784,1.000000,5.377453
SA_MOEAD,tourist,300,17,59,0.043072,94,94,0.447214,0.029468,0.166933,1.000000,5.937112
SA_MOEAD,tourist,300,18,60,0.042848,90,90,0.447214,0.027972,0.182938,1.000000,4.439473
SA_MOEAD,tourist,300,19,61,0.036428,100,100,0.447214,0.024675,0.143131,1.000000,4.848976
SA_MOEAD,tourist,300,20,62,0.042934,76,76,0.447214,0.022533,0.161678,1.000000,7.850550
SA_MOEAD,tourist,300,21,63,0.043119,95,95,0.447214,0.023316,0.170861,1.000000,4.999105
SA_MOEAD,tourist,300,22,64,0.038483,72,72,0.447214,0.011806,0.170752,1.000000,3.904751
SA_MOEAD,tourist,300,23,65,0.037166,98,98,0.447214,0.029515,0.141659,1.000000,5.571341
SA_MOEAD,tourist,300,24,66,0.036661,100,100,0.447214,0.023125,0.145023,1.000000,6.512764
SA_MOEAD,tourist,300,25,67,0.038254,97,97,0.447214,0.011392,0.159669,1.000000,4.752557
SA_MOEAD,tourist,300,26,68,0.043093,92,92,0.447214,0.028071,0.167498,1.000000,5.249569
SA_MOEAD,tourist,300,27,69,0.048968,1,1,0.447214,0.000000,0.218993,1.000000,5.485355
SA_MOEAD,tourist,300,28,70,0.035728,84,84,0.447214,0.017024,0.126477,1.000000,4.307111
SA_MOEAD,tourist,300,29,71,0.036827,77,77,0.447214,0.018312,0.152689,1.000000,5.022860
SA_MOEAD,tourist,300,30,72,0.043030,93,93,0.447214,0.023172,0.175793,1.000000,4.257296
SA_MOEAD,tourist,600,1,43,0.037080,91,91,0.447214,0.009066,0.156631,1.000000,5.271654
SA_MOEAD,tourist,600,2,44,0.037047,100,100,0.447214,0.009587,0.159472,1.000000,6.624329
SA_MOEAD,tourist,600,3,45,0.033451,75,75,0.447214,0.023200,0.126103,1.000000,5.272978
SA_MOEAD,tourist,600,4,46,0.030926,98,98,0.447214,0.003615,0.135549,1.000000,5.798129
SA_MOEAD,tourist,600,5,47,0.036879,80,80,0.447214,0.030594,0.136780,1.000000,8.062590
SA_MOEAD,tourist,600,6,48,0.032717,94,94,0.447214,0.003604,0.142634,1.000000,6.555793
SA_MOEAD,tourist,600,7,49,0.037692,61,61,0.447214,0.011148,0.148608,1.000000,6.090364
SA_MOEAD,tourist,600,8,50,0.037622,96,96,0.447214,0.022786,0.146319,1.000000,6.182769
SA_MOEAD,tourist,600,9,51,0.034815,99,99,0.447214,0.018409,0.140443,1.000000,5.555686
SA_MOEAD,tourist,600,10,52,0.037522,96,96,0.447214,0.027734,0.149500,1.000000,6.527391
SA_MOEAD,tourist,600,11,53,0.036746,72,72,0.447214,0.028785,0.142190,1.000000,6.642098
SA_MOEAD,tourist,600,12,54,0.035549,83,83,0.447214,0.012681,0.145399,1.000000,5.472956
SA_MOEAD,tourist,600,13,55,0.035304,99,99,0.447214,0.017879,0.139348,1.000000,6.510064
SA_MOEAD,tourist,600,14,56,0.038115,81,81,0.447214,0.014954,0.151494,1.000000,5.555173
SA_MOEAD,tourist,600,15,57,0.038946,86,86,0.447214,0.012573,0.160184,1.000000,5.555060
SA_MOEAD,tourist,600,16,58,0.037536,95,95,0.447214,0.024697,0.147535,1.000000,5.308866
SA_MOEAD,tourist,600,17,59,0.039208,94,94,0.447214,0.018059,0.160306,1.000000,5.865481
SA_MOEAD,tourist,600,18,60,0.043496,93,93,0.447214,0.024933,0.180296,1.000000,5.128971
SA_MOEAD,tourist,600,19,61,0.038794,70,70,0.447214,0.027696,0.149919,1.000000,5.806255
SA_MOEAD,tourist,600,20,62,0.035413,90,90,0.447214,0.016444,0.138654,1.000000,5.267658
SA_MOEAD,tourist,600,21,63,0.035079,96,96,0.447214,0.019635,0.140479,1.000000,6.037380
SA_MOEAD,tourist,600,22,64,0.038745,94,94,0.447214,0.020585,0.152640,1.000000,6.147133
SA_MOEAD,tourist,600,23,65,0.038304,98,98,0.447214,0.010791,0.162103,1.000000,6.843817
SA_MOEAD,tourist,600,24,66,0.038905,89,89,0.447214,0.025576,0.153894,1.000000,5.534607
SA_MOEAD,tourist,600,25,67,0.036821,74,74,0.447214,0.015743,0.140665,1.000000,5.416322
SA_MOEAD,tourist,600,26,68,0.035727,85,85,0.447214,0.019662,0.147604,1.000000,5.805528
SA_MOEAD,tourist,600,27,69,0.036829,98,98,0.447214,0.017474,0.149177,1.000000,6.386256
SA_MOEAD,tourist,600,28,70,0.039718,97,97,0.447214,0.024240,0.154719,1.000000,5.063488
SA_MOEAD,tourist,600,29,71,0.035470,99,99,0.447214,0.004495,0.154685,1.000000,5.385872
SA_MOEAD,tourist,600,30,72,0.036441,82,82,0.447214,0.016479,0.150454,1.000000,6.563865
SA_MOEAD,senior,300,1,43,0.057944,93,93,0.574650,0.032392,0.134801,1.000000,4.415103
SA_MOEAD,senior,300,2,44,0.041291,97,97,0.604337,0.005464,0.109993,1.000000,4.238941
SA_MOEAD,senior,300,3,45,0.052278,97,97,0.529967,0.030696,0.114274,1.000000,4.886489
SA_MOEAD,senior,300,4,46,0.037792,100,100,0.652220,0.000000,0.115887,1.000000,3.580380
SA_MOEAD,senior,300,5,47,0.047193,92,92,0.563066,0.017147,0.100127,1.000000,4.726429
SA_MOEAD,senior,300,6,48,0.046797,93,86,0.518926,0.019593,0.106957,0.924731,10.942385
SA_MOEAD,senior,300,7,49,0.038203,65,65,0.520458,0.016154,0.119936,1.000000,4.018465
SA_MOEAD,senior,300,8,50,0.047378,100,97,0.569020,0.016186,0.107748,0.970000,6.644672
SA_MOEAD,senior,300,9,51,0.041015,100,100,0.612691,0.013400,0.091219,1.000000,8.767954
SA_MOEAD,senior,300,10,52,0.048946,100,100,0.594574,0.020300,0.136592,1.000000,5.226798
SA_MOEAD,senior,300,11,53,0.042747,91,82,0.531304,0.021585,0.086137,0.901099,8.419276
SA_MOEAD,senior,300,12,54,0.046121,95,95,0.515951,0.014711,0.098292,1.000000,14.241496
SA_MOEAD,senior,300,13,55,0.054068,98,98,0.586675,0.044490,0.120966,1.000000,6.369959
SA_MOEAD,senior,300,14,56,0.047934,98,98,0.559449,0.019643,0.122883,1.000000,5.516545
SA_MOEAD,senior,300,15,57,0.042780,97,97,0.592791,0.016675,0.113286,1.000000,4.108905
SA_MOEAD,senior,300,16,58,0.048042,95,95,0.596394,0.039789,0.121975,1.000000,5.834756
SA_MOEAD,senior,300,17,59,0.054641,100,100,0.586998,0.053825,0.129202,1.000000,4.483678
SA_MOEAD,senior,300,18,60,0.046642,100,100,0.502341,0.008325,0.131678,1.000000,4.069547
SA_MOEAD,senior,300,19,61,0.053370,83,83,0.585545,0.032590,0.116953,1.000000,3.817754
SA_MOEAD,senior,300,20,62,0.041292,95,95,0.599515,0.023395,0.100874,1.000000,5.328351
SA_MOEAD,senior,300,21,63,0.040553,98,98,0.610204,0.024311,0.085823,1.000000,3.808600
SA_MOEAD,senior,300,22,64,0.040927,99,99,0.591995,0.015783,0.096331,1.000000,11.556788
SA_MOEAD,senior,300,23,65,0.052825,95,95,0.613038,0.022184,0.131635,1.000000,3.746661
SA_MOEAD,senior,300,24,66,0.042342,97,97,0.628788,0.002294,0.116750,1.000000,3.919519
SA_MOEAD,senior,300,25,67,0.044815,99,99,0.526447,0.059495,0.086481,1.000000,10.972640
SA_MOEAD,senior,300,26,68,0.047288,92,78,0.559733,0.021090,0.090060,0.847826,11.931456
SA_MOEAD,senior,300,27,69,0.053228,96,96,0.542762,0.026042,0.114933,1.000000,10.294778
SA_MOEAD,senior,300,28,70,0.048703,83,83,0.533555,0.038042,0.113415,1.000000,7.266743
SA_MOEAD,senior,300,29,71,0.045836,100,100,0.553399,0.029075,0.121318,1.000000,3.763055
SA_MOEAD,senior,300,30,72,0.045894,93,93,0.590235,0.014919,0.109826,1.000000,9.705725
SA_MOEAD,senior,600,1,43,0.043676,94,94,0.523963,0.019601,0.103095,1.000000,14.052734
SA_MOEAD,senior,600,2,44,0.043309,59,59,0.553957,0.010508,0.105204,1.000000,26.375232
SA_MOEAD,senior,600,3,45,0.037471,98,98,0.573398,0.005982,0.110339,1.000000,8.948745
SA_MOEAD,senior,600,4,46,0.042212,97,97,0.559002,0.007358,0.108792,1.000000,9.878395
SA_MOEAD,senior,600,5,47,0.044568,79,69,0.521890,0.013569,0.097430,0.873418,35.242464
SA_MOEAD,senior,600,6,48,0.038601,90,90,0.515334,0.013889,0.097525,1.000000,17.686932
SA_MOEAD,senior,600,7,49,0.039991,96,96,0.564207,0.017513,0.105270,1.000000,8.889443
SA_MOEAD,senior,600,8,50,0.045935,87,87,0.528409,0.010374,0.104486,1.000000,7.895017
SA_MOEAD,senior,600,9,51,0.044725,92,92,0.555010,0.013370,0.108472,1.000000,15.378397
SA_MOEAD,senior,600,10,52,0.039856,87,85,0.531309,0.017309,0.097962,0.977011,20.993299
SA_MOEAD,senior,600,11,53,0.046843,90,90,0.543516,0.014028,0.114724,1.000000,13.636279
SA_MOEAD,senior,600,12,54,0.045973,92,92,0.553399,0.019728,0.125470,1.000000,6.125032
SA_MOEAD,senior,600,13,55,0.042839,92,92,0.558769,0.011454,0.117265,1.000000,12.162408
SA_MOEAD,senior,600,14,56,0.042029,92,92,0.553578,0.011413,0.105238,1.000000,7.741872
SA_MOEAD,senior,600,15,57,0.043047,95,95,0.537795,0.018487,0.102056,1.000000,9.368248
SA_MOEAD,senior,600,16,58,0.040898,85,85,0.557274,0.014471,0.095604,1.000000,13.827702
SA_MOEAD,senior,600,17,59,0.040778,86,86,0.547653,0.015058,0.107673,1.000000,8.473988
SA_MOEAD,senior,600,18,60,0.045437,94,94,0.546040,0.013644,0.120106,1.000000,10.066550
SA_MOEAD,senior,600,19,61,0.046094,92,92,0.552862,0.013927,0.116105,1.000000,12.009009
SA_MOEAD,senior,600,20,62,0.044575,96,96,0.561977,0.006888,0.120105,1.000000,6.212633
SA_MOEAD,senior,600,21,63,0.048810,88,88,0.560698,0.044261,0.115600,1.000000,18.632727
SA_MOEAD,senior,600,22,64,0.043434,90,90,0.537294,0.023097,0.100493,1.000000,9.507703
SA_MOEAD,senior,600,23,65,0.041672,82,82,0.543155,0.015823,0.100289,1.000000,13.431371
SA_MOEAD,senior,600,24,66,0.041703,57,57,0.514968,0.034803,0.123598,1.000000,6.908402
SA_MOEAD,senior,600,25,67,0.039358,84,84,0.544575,0.020432,0.092904,1.000000,7.133084
SA_MOEAD,senior,600,26,68,0.044445,71,71,0.546439,0.016215,0.098131,1.000000,12.260111
SA_MOEAD,senior,600,27,69,0.044275,95,95,0.535195,0.013382,0.108673,1.000000,7.863682
SA_MOEAD,senior,600,28,70,0.040966,94,94,0.548668,0.017593,0.114839,1.000000,7.641399
SA_MOEAD,senior,600,29,71,0.041993,88,88,0.548720,0.024503,0.101309,1.000000,10.823534
SA_MOEAD,senior,600,30,72,0.044620,99,99,0.545247,0.013662,0.118280,1.000000,7.986727
Random,child,300,1,43,0.000000,1,0,0.000000,0.000000,0.000000,0.000000,0.004951
Random,child,300,2,44,0.004681,1,1,0.405113,0.007500,0.023463,1.000000,0.000239
Random,child,300,3,45,0.007158,1,1,0.427210,0.100000,0.041890,1.000000,0.001681
Random,child,300,4,46,0.008949,1,1,0.405113,0.092500,0.054206,1.000000,0.000210
Random,child,300,5,47,0.008136,1,1,0.464039,0.117500,0.045839,1.000000,0.001623
Random,child,300,6,48,0.012175,1,1,0.375651,0.087500,0.078570,1.000000,0.000211
Random,child,300,7,49,0.000000,1,0,0.000000,0.000000,0.000000,0.000000,0.003024
Random,child,300,8,50,0.014453,1,1,0.441942,0.027500,0.069211,1.000000,0.000206
Random,child,300,9,51,0.004991,1,1,0.478770,0.157500,0.030439,1.000000,0.001596
Random,child,300,10,52,0.012426,1,1,0.500867,0.005000,0.050121,1.000000,0.000223
Random,child,300,11,53,0.040561,1,1,0.471405,0.005000,0.173826,1.000000,0.001636
Random,child,300,12,54,0.000000,1,1,0.331456,0.100000,-0.019145,1.000000,0.000203
Random,child,300,13,55,0.000000,1,1,0.419845,0.095000,-0.032741,1.000000,0.000204
Random,child,300,14,56,0.005301,1,1,0.486136,0.150000,0.031154,1.000000,0.002979
Random,child,300,15,57,0.019314,1,1,0.486136,0.047500,0.087801,1.000000,0.001712
Random,child,300,16,58,0.000151,1,1,0.412479,0.075000,0.000861,1.000000,0.001613
Random,child,300,17,59,0.007933,1,1,0.464039,0.067500,0.039529,1.000000,0.003035
Random,child,300,18,60,0.000000,1,0,0.000000,0.000000,0.000000,0.000000,0.001584
Random,child,300,19,61,0.023816,1,1,0.471405,0.132500,0.137474,1.000000,0.001602
Random,child,300,20,62,0.001918,1,1,0.456673,0.062500,0.009599,1.000000,0.000208
Random,child,300,21,63,0.000000,1,1,0.375650,0.087500,-0.010482,1.000000,0.001613
Random,child,300,22,64,0.009692,1,1,0.449307,0.150000,0.061633,1.000000,0.001612
Random,child,300,23,65,0.008651,1,1,0.545062,0.042500,0.034694,1.000000,0.000218
Random,child,300,24,66,0.000000,1,0,0.000000,0.000000,0.000000,0.000000,0.001645
Random,child,300,25,67,0.003405,1,1,0.383016,0.130000,0.024030,1.000000,0.000198
Random,child,300,26,68,0.007702,1,1,0.441942,0.107500,0.044401,1.000000,0.004405
Random,child,300,27,69,0.000000,1,1,0.478770,0.050000,-0.007054,1.000000,0.001592
Random,child,300,28,70,0.005113,1,1,0.397748,0.072500,0.030071,1.000000,0.000233
Random,child,300,29,71,0.000000,1,0,0.000000,0.000000,0.000000,0.000000,0.001606
Random,child,300,30,72,0.000000,1,0,0.000000,0.000000,0.000000,0.000000,0.001597
Random,child,600,1,43,0.005251,1,1,0.408796,0.075000,0.030221,1.000000,0.000292
Random,child,600,2,44,0.007118,1,1,0.371968,0.133750,0.052252,1.000000,0.000312
Random,child,600,3,45,0.002636,1,1,0.338822,0.132500,0.021173,1.000000,0.000251
Random,child,600,4,46,0.003225,1,1,0.397748,0.110000,0.020792,1.000000,0.000244
Random,child,600,5,47,0.006863,1,1,0.419845,0.101250,0.040992,1.000000,0.002969
Random,child,600,6,48,0.003858,1,1,0.386699,0.070000,0.023201,1.000000,0.000254
Random,child,600,7,49,0.002429,1,1,0.390382,0.098750,0.015510,1.000000,0.000272
Random,child,600,8,50,0.010232,1,1,0.390382,0.151250,0.075157,1.000000,0.000227
Random,child,600,9,51,0.004850,1,1,0.394065,0.146250,0.034789,1.000000,0.000248
Random,child,600,10,52,0.002772,1,1,0.390382,0.092500,0.017422,1.000000,0.000206
Random,child,600,11,53,0.005724,1,1,0.408796,0.126250,0.037467,1.000000,0.000233
Random,child,600,12,54,0.006283,1,1,0.364602,0.105000,0.043628,1.000000,0.000240
Random,child,600,13,55,0.008263,1,1,0.397748,0.090000,0.050668,1.000000,0.000284
Random,child,600,14,56,0.008344,1,1,0.423528,0.121250,0.052018,1.000000,0.002872
Random,child,600,15,57,0.005875,1,1,0.475087,0.077500,0.029268,1.000000,0.002996
Random,child,600,16,58,0.002523,1,1,0.353553,0.117500,0.018658,1.000000,0.000294
Random,child,600,17,59,0.016351,1,1,0.441942,0.123750,0.098337,1.000000,0.002964
Random,child,600,18,60,0.004556,1,1,0.383016,0.093750,0.029278,1.000000,0.000243
Random,child,600,19,61,0.010842,1,1,0.390382,0.076250,0.065543,1.000000,0.000235
Random,child,600,20,62,0.000000,1,0,0.000000,0.000000,0.000000,0.000000,0.002892
Random,child,600,21,63,0.003286,1,1,0.416162,0.046250,0.017401,1.000000,0.000236
Random,child,600,22,64,0.013196,1,1,0.401430,0.076250,0.077575,1.000000,0.000251
Random,child,600,23,65,0.005448,1,1,0.416162,0.107500,0.033353,1.000000,0.000216
Random,child,600,24,66,0.004296,1,1,0.383016,0.080000,0.026703,1.000000,0.000255
Random,child,600,25,67,0.013180,1,1,0.419845,0.070000,0.073006,1.000000,0.000265
Random,child,600,26,68,0.003051,1,1,0.430893,0.162500,0.020977,1.000000,0.002924
Random,child,600,27,69,0.010401,1,1,0.419845,0.111250,0.063723,1.000000,0.000215
Random,child,600,28,70,0.000000,1,1,0.379333,0.132500,-0.002729,1.000000,0.000340
Random,child,600,29,71,0.007989,1,1,0.371968,0.027500,0.045456,1.000000,0.002958
Random,child,600,30,72,0.006692,1,1,0.460356,0.120000,0.038253,1.000000,0.000247
Random,scholar,300,1,43,0.009417,1,1,0.619279,0.267500,0.065401,1.000000,0.001597
Random,scholar,300,2,44,0.001434,1,1,0.520458,0.327500,0.015977,1.000000,0.000201
Random,scholar,300,3,45,0.001167,1,1,0.652220,0.325000,0.010227,1.000000,0.001653
Random,scholar,300,4,46,0.001473,1,1,0.553399,0.205000,0.009024,1.000000,0.000203
Random,scholar,300,5,47,0.000604,1,1,0.652220,0.212500,0.003223,1.000000,0.001608
Random,scholar,300,6,48,0.004115,1,1,0.553399,0.280000,0.033796,1.000000,0.000197
Random,scholar,300,7,49,0.000000,1,1,0.619279,0.262500,-0.004020,1.000000,0.003010
Random,scholar,300,8,50,0.000386,1,1,0.520458,0.287500,0.003489,1.000000,0.000199
Random,scholar,300,9,51,0.008137,1,1,0.619279,0.232500,0.049119,1.000000,0.001574
Random,scholar,300,10,52,0.005196,1,1,0.553399,0.202500,0.031563,1.000000,0.000202
Random,scholar,300,11,53,0.002059,1,1,0.553399,0.305000,0.019084,1.000000,0.001661
Random,scholar,300,12,54,0.005486,1,1,0.586339,0.282500,0.043017,1.000000,0.000197
Random,scholar,300,13,55,0.002840,1,1,0.553399,0.252500,0.020736,1.000000,0.000197
Random,scholar,300,14,56,0.001716,1,1,0.553399,0.295000,0.015126,1.000000,0.002965
Random,scholar,300,15,57,0.002995,1,1,0.553399,0.267500,0.023275,1.000000,0.001644
Random,scholar,300,16,58,0.020655,1,1,0.652220,0.200000,0.105564,1.000000,0.001604
Random,scholar,300,17,59,0.001796,1,1,0.652220,0.227500,0.010104,1.000000,0.003019
Random,scholar,300,18,60,0.013595,1,1,0.619279,0.215000,0.077029,1.000000,0.001593
Random,scholar,300,19,61,0.013267,1,1,0.520458,0.267500,0.109642,1.000000,0.001607
Random,scholar,300,20,62,0.000842,1,1,0.553399,0.250000,0.006084,1.000000,0.000199
Random,scholar,300,21,63,0.000596,1,1,0.553399,0.232500,0.004025,1.000000,0.001620
Random,scholar,300,22,64,0.010479,1,1,0.553399,0.327500,0.109773,1.000000,0.001648
Random,scholar,300,23,65,0.009357,1,1,0.454577,0.192500,0.066943,1.000000,0.000199
Random,scholar,300,24,66,0.004150,1,1,0.619279,0.207500,0.022910,1.000000,0.001614
Random,scholar,300,25,67,0.008596,1,1,0.619279,0.185000,0.044066,1.000000,0.000198
Random,scholar,300,26,68,0.002412,1,1,0.553399,0.282500,0.020042,1.000000,0.004410
Random,scholar,300,27,69,0.000097,1,1,0.652220,0.295000,0.000729,1.000000,0.001608
Random,scholar,300,28,70,0.005688,1,1,0.487518,0.220000,0.041669,1.000000,0.000234
Random,scholar,300,29,71,0.000000,1,1,0.553399,0.232500,-0.002918,1.000000,0.001618
Random,scholar,300,30,72,0.003812,1,1,0.652220,0.207500,0.019983,1.000000,0.001601
Random,scholar,600,1,43,0.007150,1,1,0.586339,0.262500,0.051346,1.000000,0.000289
Random,scholar,600,2,44,0.009622,1,1,0.471048,0.177500,0.063338,1.000000,0.000278
Random,scholar,600,3,45,0.007180,1,1,0.520458,0.268750,0.059660,1.000000,0.000242
Random,scholar,600,4,46,0.009001,1,1,0.586339,0.270000,0.066745,1.000000,0.000241
Random,scholar,600,5,47,0.007279,1,1,0.536928,0.256250,0.055615,1.000000,0.002964
Random,scholar,600,6,48,0.005789,1,1,0.520458,0.263750,0.047081,1.000000,0.000254
Random,scholar,600,7,49,0.002529,1,1,0.503988,0.272500,0.022056,1.000000,0.000270
Random,scholar,600,8,50,0.006266,1,1,0.503988,0.281250,0.056833,1.000000,0.000221
Random,scholar,600,9,51,0.003989,1,1,0.520458,0.241250,0.029624,1.000000,0.000250
Random,scholar,600,10,52,0.003505,1,1,0.454577,0.266250,0.032983,1.000000,0.000208
Random,scholar,600,11,53,0.002225,1,1,0.602809,0.275000,0.016405,1.000000,0.000234
Random,scholar,600,12,54,0.001368,1,1,0.602809,0.278750,0.010259,1.000000,0.000243
Random,scholar,600,13,55,0.000505,1,1,0.503988,0.260000,0.004176,1.000000,0.000285
Random,scholar,600,14,56,0.000893,1,1,0.586339,0.185000,0.004833,1.000000,0.002879
Random,scholar,600,15,57,0.002086,1,1,0.602809,0.261250,0.014496,1.000000,0.003002
Random,scholar,600,16,58,0.007906,1,1,0.586339,0.196250,0.044392,1.000000,0.000294
Random,scholar,600,17,59,0.006281,1,1,0.586339,0.207500,0.036624,1.000000,0.002986
Random,scholar,600,18,60,0.005861,1,1,0.503988,0.226250,0.042481,1.000000,0.000243
Random,scholar,600,19,61,0.002224,1,1,0.536928,0.233750,0.015557,1.000000,0.000234
Random,scholar,600,20,62,0.000608,1,1,0.471048,0.300000,0.006458,1.000000,0.002961
Random,scholar,600,21,63,0.003057,1,1,0.520458,0.238750,0.022487,1.000000,0.000262
Random,scholar,600,22,64,0.007713,1,1,0.536928,0.266250,0.061455,1.000000,0.000280
Random,scholar,600,23,65,0.002929,1,1,0.520458,0.258750,0.023325,1.000000,0.000242
Random,scholar,600,24,66,0.003682,1,1,0.619279,0.232500,0.022229,1.000000,0.000285
Random,scholar,600,25,67,0.006300,1,1,0.553399,0.266250,0.048699,1.000000,0.000361
Random,scholar,600,26,68,0.000205,1,1,0.503988,0.263750,0.001720,1.000000,0.003236
Random,scholar,600,27,69,0.009006,1,1,0.536928,0.211250,0.058086,1.000000,0.000245
Random,scholar,600,28,70,0.006013,1,1,0.569869,0.245000,0.041379,1.000000,0.000374
Random,scholar,600,29,71,0.004838,1,1,0.503988,0.217500,0.033983,1.000000,0.003258
Random,scholar,600,30,72,0.008599,1,1,0.553399,0.216250,0.054761,1.000000,0.000296
Random,tourist,300,1,43,0.003574,1,1,0.447214,0.062500,0.018264,1.000000,0.001671
Random,tourist,300,2,44,0.003019,1,1,0.447214,0.077500,0.015977,1.000000,0.000216
Random,tourist,300,3,45,0.008899,1,1,0.447214,0.025000,0.041890,1.000000,0.001704
Random,tourist,300,4,46,0.000000,1,1,0.447214,0.012500,-0.006254,1.000000,0.000208
Random,tourist,300,5,47,0.002825,1,1,0.447214,0.112500,0.016303,1.000000,0.001664
Random,tourist,300,6,48,0.008327,1,1,0.447214,0.000000,0.037240,1.000000,0.000211
Random,tourist,300,7,49,0.008974,1,1,0.447214,0.007500,0.040744,1.000000,0.003239
Random,tourist,300,8,50,0.012458,1,1,0.447214,0.097500,0.069211,1.000000,0.000216
Random,tourist,300,9,51,0.010599,1,1,0.447214,0.017500,0.049119,1.000000,0.001704
Random,tourist,300,10,52,0.002692,1,1,0.447214,0.007500,0.012221,1.000000,0.000231
Random,tourist,300,11,53,0.007022,1,1,0.447214,0.007500,0.031880,1.000000,0.001726
Random,tourist,300,12,54,0.024944,1,1,0.447214,0.020000,0.116200,1.000000,0.000208
Random,tourist,300,13,55,0.004166,1,1,0.447214,0.095000,0.023004,1.000000,0.000209
Random,tourist,300,14,56,0.003078,1,1,0.447214,0.045000,0.015126,1.000000,0.003146
Random,tourist,300,15,57,0.000493,1,1,0.447214,0.037500,0.002385,1.000000,0.001773
Random,tourist,300,16,58,0.004158,1,1,0.447214,0.057500,0.021011,1.000000,0.001781
Random,tourist,300,17,59,0.004787,1,1,0.447214,0.062500,0.024467,1.000000,0.003358
Random,tourist,300,18,60,0.014243,1,1,0.447214,0.087500,0.077209,1.000000,0.001739
Random,tourist,300,19,61,0.005442,1,1,0.447214,0.035000,0.026169,1.000000,0.001792
Random,tourist,300,20,62,0.000000,1,1,0.447214,0.005000,-0.002312,1.000000,0.000224
Random,tourist,300,21,63,0.000000,1,0,0.000000,0.000000,0.000000,0.000000,0.001742
Random,tourist,300,22,64,0.013093,1,1,0.447214,0.025000,0.061633,1.000000,0.001762
Random,tourist,300,23,65,0.001778,1,1,0.447214,0.007500,0.008075,1.000000,0.000218
Random,tourist,300,24,66,0.010330,1,1,0.447214,0.095000,0.057034,1.000000,0.001762
Random,tourist,300,25,67,0.001952,1,1,0.447214,0.100000,0.010914,1.000000,0.000215
Random,tourist,300,26,68,0.009581,1,1,0.447214,0.017500,0.044401,1.000000,0.004835
Random,tourist,300,27,69,0.000000,1,1,0.447214,0.025000,-0.038024,1.000000,0.001766
Random,tourist,300,28,70,0.000000,1,1,0.447214,0.002500,-0.011682,1.000000,0.000254
Random,tourist,300,29,71,0.000000,1,0,0.000000,0.000000,0.000000,0.000000,0.001769
Random,tourist,300,30,72,0.004089,1,1,0.447214,0.042500,0.019983,1.000000,0.001720
Random,tourist,600,1,43,0.003782,1,1,0.447214,0.026250,0.017852,1.000000,0.000309
Random,tourist,600,2,44,0.003561,1,1,0.447214,0.056250,0.017945,1.000000,0.000304
Random,tourist,600,3,45,0.003162,1,1,0.447214,0.026250,0.014926,1.000000,0.000269
Random,tourist,600,4,46,0.005074,1,1,0.447214,0.008750,0.023094,1.000000,0.000266
Random,tourist,600,5,47,0.007258,1,1,0.447214,0.003750,0.032703,1.000000,0.003228
Random,tourist,600,6,48,0.002492,1,1,0.447214,0.027500,0.011794,1.000000,0.000286
Random,tourist,600,7,49,0.003754,1,1,0.447214,0.037500,0.018151,1.000000,0.000285
Random,tourist,600,8,50,0.002579,1,1,0.447214,0.077500,0.013651,1.000000,0.000234
Random,tourist,600,9,51,0.007727,1,1,0.447214,0.025000,0.036376,1.000000,0.000272
Random,tourist,600,10,52,0.000000,1,1,0.447214,0.033750,-0.013529,1.000000,0.000229
Random,tourist,600,11,53,0.006782,1,1,0.447214,0.032500,0.032439,1.000000,0.000246
Random,tourist,600,12,54,0.006329,1,1,0.447214,0.076250,0.033396,1.000000,0.000253
Random,tourist,600,13,55,0.008188,1,1,0.447214,0.091250,0.044794,1.000000,0.000287
Random,tourist,600,14,56,0.003786,1,1,0.447214,0.030000,0.018013,1.000000,0.002963
Random,tourist,600,15,57,0.000000,1,0,0.000000,0.000000,0.000000,0.000000,0.003094
Random,tourist,600,16,58,0.004394,1,1,0.447214,0.066250,0.022650,1.000000,0.000307
Random,tourist,600,17,59,0.004722,1,1,0.447214,0.031250,0.022525,1.000000,0.003067
Random,tourist,600,18,60,0.006138,1,1,0.447214,0.031250,0.029278,1.000000,0.000257
Random,tourist,600,19,61,0.004424,1,1,0.447214,0.011250,0.020241,1.000000,0.000264
Random,tourist,600,20,62,0.004425,1,1,0.447214,0.031250,0.021110,1.000000,0.003133
Random,tourist,600,21,63,0.001904,1,1,0.447214,0.043750,0.009330,1.000000,0.000272
Random,tourist,600,22,64,0.006745,1,1,0.447214,0.021250,0.031503,1.000000,0.000290
Random,tourist,600,23,65,0.008870,1,1,0.447214,0.005000,0.040067,1.000000,0.000250
Random,tourist,600,24,66,0.003671,1,1,0.447214,0.041250,0.017893,1.000000,0.000286
Random,tourist,600,25,67,0.011144,1,1,0.447214,0.011250,0.050983,1.000000,0.000296
Random,tourist,600,26,68,0.004339,1,1,0.447214,0.037500,0.020977,1.000000,0.003124
Random,tourist,600,27,69,0.002762,1,1,0.447214,0.031250,0.013178,1.000000,0.000233
Random,tourist,600,28,70,0.000000,1,1,0.447214,0.007500,-0.002729,1.000000,0.000372
Random,tourist,600,29,71,0.007688,1,1,0.447214,0.030000,0.036576,1.000000,0.003384
Random,tourist,600,30,72,0.003875,1,1,0.447214,0.021250,0.018099,1.000000,0.000267
Random,senior,300,1,43,0.007312,1,1,0.421637,0.085000,0.041786,1.000000,0.001763
Random,senior,300,2,44,0.011356,1,1,0.487518,0.002500,0.046822,1.000000,0.000241
Random,senior,300,3,45,0.001284,1,1,0.421637,0.012500,0.006247,1.000000,0.001833
Random,senior,300,4,46,0.010808,1,1,0.388697,0.007500,0.056457,1.000000,0.000223
Random,senior,300,5,47,0.000000,1,0,0.000000,0.000000,0.000000,0.000000,0.001808
Random,senior,300,6,48,0.007587,1,1,0.520458,0.112500,0.037619,1.000000,0.000216
Random,senior,300,7,49,0.008906,1,1,0.487518,0.105000,0.046247,1.000000,0.003564
Random,senior,300,8,50,0.003946,1,1,0.421637,0.015000,0.019298,1.000000,0.000231
Random,senior,300,9,51,0.005918,1,1,0.454577,0.042500,0.028456,1.000000,0.001648
Random,senior,300,10,52,0.004978,1,1,0.487518,0.145000,0.028765,1.000000,0.000236
Random,senior,300,11,53,0.003861,1,1,0.454577,0.055000,0.019084,1.000000,0.001612
Random,senior,300,12,54,0.002236,1,1,0.454577,0.027500,0.010408,1.000000,0.000196
Random,senior,300,13,55,0.013160,1,1,0.454577,0.027500,0.061271,1.000000,0.000191
Random,senior,300,14,56,0.000485,1,1,0.454577,0.040000,0.002317,1.000000,0.002960
Random,senior,300,15,57,0.002585,1,1,0.421637,0.062500,0.014014,1.000000,0.001691
Random,senior,300,16,58,0.004851,1,1,0.421637,0.032500,0.024611,1.000000,0.001609
Random,senior,300,17,59,0.000000,1,0,0.000000,0.000000,0.000000,0.000000,0.003078
Random,senior,300,18,60,0.000144,1,1,0.421637,0.012500,0.000701,1.000000,0.001668
Random,senior,300,19,61,0.000000,1,0,0.000000,0.000000,0.000000,0.000000,0.001622
Random,senior,300,20,62,0.002303,1,1,0.454577,0.020000,0.010554,1.000000,0.000207
Random,senior,300,21,63,0.000000,1,0,0.000000,0.000000,0.000000,0.000000,0.001717
Random,senior,300,22,64,0.000000,1,0,0.000000,0.000000,0.000000,0.000000,0.001700
Random,senior,300,23,65,0.013466,1,1,0.454577,0.057500,0.066943,1.000000,0.000204
Random,senior,300,24,66,0.006549,1,1,0.454577,0.050000,0.032016,1.000000,0.001641
Random,senior,300,25,67,0.000375,1,1,0.454577,0.107500,0.002102,1.000000,0.000199
Random,senior,300,26,68,0.009028,1,1,0.454577,0.067500,0.045918,1.000000,0.004425
Random,senior,300,27,69,0.020548,1,1,0.520458,0.012500,0.080986,1.000000,0.001617
Random,senior,300,28,70,0.001290,1,1,0.421637,0.035000,0.006580,1.000000,0.000230
Random,senior,300,29,71,0.010357,1,1,0.553399,0.170000,0.056714,1.000000,0.001609
Random,senior,300,30,72,0.000294,1,1,0.553399,0.075000,0.001251,1.000000,0.001594
Random,senior,600,1,43,0.007056,1,1,0.372226,0.023750,0.039804,1.000000,0.000314
Random,senior,600,2,44,0.015690,1,1,0.503988,0.017500,0.064523,1.000000,0.000278
Random,senior,600,3,45,0.002228,1,1,0.471048,0.016250,0.009777,1.000000,0.000240
Random,senior,600,4,46,0.012697,1,1,0.487518,0.027500,0.055119,1.000000,0.000241
Random,senior,600,5,47,0.000000,1,0,0.000000,0.000000,0.000000,0.000000,0.002930
Random,senior,600,6,48,0.002350,1,1,0.421637,0.027500,0.011794,1.000000,0.000248
Random,senior,600,7,49,0.005813,1,1,0.405167,0.021250,0.029968,1.000000,0.000268
Random,senior,600,8,50,0.006172,1,1,0.421637,0.032500,0.031311,1.000000,0.000221
Random,senior,600,9,51,0.005642,1,1,0.421637,0.082500,0.032052,1.000000,0.000270
Random,senior,600,10,52,0.000000,1,1,0.471048,0.033750,-0.013529,1.000000,0.000204
Random,senior,600,11,53,0.000000,1,1,0.405167,0.017500,-0.008297,1.000000,0.000233
Random,senior,600,12,54,0.004228,1,1,0.438107,0.017500,0.020003,1.000000,0.000240
Random,senior,600,13,55,0.001853,1,1,0.405167,0.053750,0.010248,1.000000,0.000305
Random,senior,600,14,56,0.000000,1,0,0.000000,0.000000,0.000000,0.000000,0.002893
Random,senior,600,15,57,0.000000,1,0,0.000000,0.000000,0.000000,0.000000,0.003021
Random,senior,600,16,58,0.003724,1,1,0.405167,0.040000,0.019982,1.000000,0.000293
Random,senior,600,17,59,0.000000,1,0,0.000000,0.000000,0.000000,0.000000,0.002975
Random,senior,600,18,60,0.007130,1,1,0.405167,0.031250,0.037540,1.000000,0.000240
Random,senior,600,19,61,0.010669,1,1,0.438107,0.020000,0.050735,1.000000,0.000233
Random,senior,600,20,62,0.000000,1,0,0.000000,0.000000,0.000000,0.000000,0.002928
Random,senior,600,21,63,0.001935,1,1,0.454577,0.043750,0.009330,1.000000,0.000234
Random,senior,600,22,64,0.002172,1,1,0.438107,0.017500,0.010277,1.000000,0.000250
Random,senior,600,23,65,0.002672,1,1,0.405167,0.035000,0.014181,1.000000,0.000232
Random,senior,600,24,66,0.003596,1,1,0.438107,0.041250,0.017893,1.000000,0.000253
Random,senior,600,25,67,0.000000,1,1,0.421637,0.016250,-0.014647,1.000000,0.000263
Random,senior,600,26,68,0.006654,1,1,0.438107,0.025000,0.031975,1.000000,0.002917
Random,senior,600,27,69,0.002503,1,1,0.405167,0.031250,0.013178,1.000000,0.000214
Random,senior,600,28,70,0.001524,1,1,0.388697,0.025000,0.008253,1.000000,0.000341
Random,senior,600,29,71,0.006709,1,1,0.438107,0.017500,0.031740,1.000000,0.002956
Random,senior,600,30,72,0.009722,1,1,0.405167,0.045000,0.052737,1.000000,0.000247
Greedy,child,300,1,43,0.014867,1,1,0.685010,0.132500,0.059056,1.000000,0.000714
Greedy,child,300,2,44,0.014867,1,1,0.685010,0.132500,0.059056,1.000000,0.000674
Greedy,child,300,3,45,0.014867,1,1,0.685010,0.132500,0.059056,1.000000,0.000669
Greedy,child,300,4,46,0.014867,1,1,0.685010,0.132500,0.059056,1.000000,0.000669
Greedy,child,300,5,47,0.014867,1,1,0.685010,0.132500,0.059056,1.000000,0.000664
Greedy,child,300,6,48,0.014867,1,1,0.685010,0.132500,0.059056,1.000000,0.000663
Greedy,child,300,7,49,0.014867,1,1,0.685010,0.132500,0.059056,1.000000,0.000664
Greedy,child,300,8,50,0.014867,1,1,0.685010,0.132500,0.059056,1.000000,0.000668
Greedy,child,300,9,51,0.014867,1,1,0.685010,0.132500,0.059056,1.000000,0.000667
Greedy,child,300,10,52,0.014867,1,1,0.685010,0.132500,0.059056,1.000000,0.000664
Greedy,child,300,11,53,0.014867,1,1,0.685010,0.132500,0.059056,1.000000,0.000659
Greedy,child,300,12,54,0.014867,1,1,0.685010,0.132500,0.059056,1.000000,0.000668
Greedy,child,300,13,55,0.014867,1,1,0.685010,0.132500,0.059056,1.000000,0.000670
Greedy,child,300,14,56,0.014867,1,1,0.685010,0.132500,0.059056,1.000000,0.000685
Greedy,child,300,15,57,0.014867,1,1,0.685010,0.132500,0.059056,1.000000,0.000666
Greedy,child,300,16,58,0.014867,1,1,0.685010,0.132500,0.059056,1.000000,0.000663
Greedy,child,300,17,59,0.014867,1,1,0.685010,0.132500,0.059056,1.000000,0.000666
Greedy,child,300,18,60,0.014867,1,1,0.685010,0.132500,0.059056,1.000000,0.000670
Greedy,child,300,19,61,0.014867,1,1,0.685010,0.132500,0.059056,1.000000,0.000667
Greedy,child,300,20,62,0.014867,1,1,0.685010,0.132500,0.059056,1.000000,0.000667
Greedy,child,300,21,63,0.014867,1,1,0.685010,0.132500,0.059056,1.000000,0.000666
Greedy,child,300,22,64,0.014867,1,1,0.685010,0.132500,0.059056,1.000000,0.000668
Greedy,child,300,23,65,0.014867,1,1,0.685010,0.132500,0.059056,1.000000,0.000665
Greedy,child,300,24,66,0.014867,1,1,0.685010,0.132500,0.059056,1.000000,0.000689
Greedy,child,300,25,67,0.014867,1,1,0.685010,0.132500,0.059056,1.000000,0.000667
Greedy,child,300,26,68,0.014867,1,1,0.685010,0.132500,0.059056,1.000000,0.000663
Greedy,child,300,27,69,0.014867,1,1,0.685010,0.132500,0.059056,1.000000,0.000669
Greedy,child,300,28,70,0.014867,1,1,0.685010,0.132500,0.059056,1.000000,0.000668
Greedy,child,300,29,71,0.014867,1,1,0.685010,0.132500,0.059056,1.000000,0.000665
Greedy,child,300,30,72,0.014867,1,1,0.685010,0.132500,0.059056,1.000000,0.000669
Greedy,child,600,1,43,0.007371,1,1,0.618719,0.105000,0.030161,1.000000,0.000664
Greedy,child,600,2,44,0.007371,1,1,0.618719,0.105000,0.030161,1.000000,0.000673
Greedy,child,600,3,45,0.007371,1,1,0.618719,0.105000,0.030161,1.000000,0.000673
Greedy,child,600,4,46,0.007371,1,1,0.618719,0.105000,0.030161,1.000000,0.000670
Greedy,child,600,5,47,0.007371,1,1,0.618719,0.105000,0.030161,1.000000,0.000667
Greedy,child,600,6,48,0.007371,1,1,0.618719,0.105000,0.030161,1.000000,0.000669
Greedy,child,600,7,49,0.007371,1,1,0.618719,0.105000,0.030161,1.000000,0.000673
Greedy,child,600,8,50,0.007371,1,1,0.618719,0.105000,0.030161,1.000000,0.000672
Greedy,child,600,9,51,0.007371,1,1,0.618719,0.105000,0.030161,1.000000,0.000671
Greedy,child,600,10,52,0.007371,1,1,0.618719,0.105000,0.030161,1.000000,0.000672
Greedy,child,600,11,53,0.007371,1,1,0.618719,0.105000,0.030161,1.000000,0.000673
Greedy,child,600,12,54,0.007371,1,1,0.618719,0.105000,0.030161,1.000000,0.000676
Greedy,child,600,13,55,0.007371,1,1,0.618719,0.105000,0.030161,1.000000,0.000668
Greedy,child,600,14,56,0.007371,1,1,0.618719,0.105000,0.030161,1.000000,0.000675
Greedy,child,600,15,57,0.007371,1,1,0.618719,0.105000,0.030161,1.000000,0.000672
Greedy,child,600,16,58,0.007371,1,1,0.618719,0.105000,0.030161,1.000000,0.000666
Greedy,child,600,17,59,0.007371,1,1,0.618719,0.105000,0.030161,1.000000,0.000668
Greedy,child,600,18,60,0.007371,1,1,0.618719,0.105000,0.030161,1.000000,0.000677
Greedy,child,600,19,61,0.007371,1,1,0.618719,0.105000,0.030161,1.000000,0.000668
Greedy,child,600,20,62,0.007371,1,1,0.618719,0.105000,0.030161,1.000000,0.000673
Greedy,child,600,21,63,0.007371,1,1,0.618719,0.105000,0.030161,1.000000,0.000670
Greedy,child,600,22,64,0.007371,1,1,0.618719,0.105000,0.030161,1.000000,0.000670
Greedy,child,600,23,65,0.007371,1,1,0.618719,0.105000,0.030161,1.000000,0.000671
Greedy,child,600,24,66,0.007371,1,1,0.618719,0.105000,0.030161,1.000000,0.000672
Greedy,child,600,25,67,0.007371,1,1,0.618719,0.105000,0.030161,1.000000,0.000669
Greedy,child,600,26,68,0.007371,1,1,0.618719,0.105000,0.030161,1.000000,0.000673
Greedy,child,600,27,69,0.007371,1,1,0.618719,0.105000,0.030161,1.000000,0.000668
Greedy,child,600,28,70,0.007371,1,1,0.618719,0.105000,0.030161,1.000000,0.000668
Greedy,child,600,29,71,0.007371,1,1,0.618719,0.105000,0.030161,1.000000,0.000672
Greedy,child,600,30,72,0.007371,1,1,0.618719,0.105000,0.030161,1.000000,0.000673
Greedy,scholar,300,1,43,0.000000,1,1,0.751041,0.282500,-0.015377,1.000000,0.000666
Greedy,scholar,300,2,44,0.000000,1,1,0.751041,0.282500,-0.015377,1.000000,0.000668
Greedy,scholar,300,3,45,0.000000,1,1,0.751041,0.282500,-0.015377,1.000000,0.000667
Greedy,scholar,300,4,46,0.000000,1,1,0.751041,0.282500,-0.015377,1.000000,0.000670
Greedy,scholar,300,5,47,0.000000,1,1,0.751041,0.282500,-0.015377,1.000000,0.000665
Greedy,scholar,300,6,48,0.000000,1,1,0.751041,0.282500,-0.015377,1.000000,0.000665
Greedy,scholar,300,7,49,0.000000,1,1,0.751041,0.282500,-0.015377,1.000000,0.000665
Greedy,scholar,300,8,50,0.000000,1,1,0.751041,0.282500,-0.015377,1.000000,0.000670
Greedy,scholar,300,9,51,0.000000,1,1,0.751041,0.282500,-0.015377,1.000000,0.000671
Greedy,scholar,300,10,52,0.000000,1,1,0.751041,0.282500,-0.015377,1.000000,0.000678
Greedy,scholar,300,11,53,0.000000,1,1,0.751041,0.282500,-0.015377,1.000000,0.000708
Greedy,scholar,300,12,54,0.000000,1,1,0.751041,0.282500,-0.015377,1.000000,0.000667
Greedy,scholar,300,13,55,0.000000,1,1,0.751041,0.282500,-0.015377,1.000000,0.000666
Greedy,scholar,300,14,56,0.000000,1,1,0.751041,0.282500,-0.015377,1.000000,0.000668
Greedy,scholar,300,15,57,0.000000,1,1,0.751041,0.282500,-0.015377,1.000000,0.000667
Greedy,scholar,300,16,58,0.000000,1,1,0.751041,0.282500,-0.015377,1.000000,0.000668
Greedy,scholar,300,17,59,0.000000,1,1,0.751041,0.282500,-0.015377,1.000000,0.000662
Greedy,scholar,300,18,60,0.000000,1,1,0.751041,0.282500,-0.015377,1.000000,0.000670
Greedy,scholar,300,19,61,0.000000,1,1,0.751041,0.282500,-0.015377,1.000000,0.000663
Greedy,scholar,300,20,62,0.000000,1,1,0.751041,0.282500,-0.015377,1.000000,0.000672
Greedy,scholar,300,21,63,0.000000,1,1,0.751041,0.282500,-0.015377,1.000000,0.000665
Greedy,scholar,300,22,64,0.000000,1,1,0.751041,0.282500,-0.015377,1.000000,0.000669
Greedy,scholar,300,23,65,0.000000,1,1,0.751041,0.282500,-0.015377,1.000000,0.000667
Greedy,scholar,300,24,66,0.000000,1,1,0.751041,0.282500,-0.015377,1.000000,0.000668
Greedy,scholar,300,25,67,0.000000,1,1,0.751041,0.282500,-0.015377,1.000000,0.000673
Greedy,scholar,300,26,68,0.000000,1,1,0.751041,0.282500,-0.015377,1.000000,0.000668
Greedy,scholar,300,27,69,0.000000,1,1,0.751041,0.282500,-0.015377,1.000000,0.000666
Greedy,scholar,300,28,70,0.000000,1,1,0.751041,0.282500,-0.015377,1.000000,0.000671
Greedy,scholar,300,29,71,0.000000,1,1,0.751041,0.282500,-0.015377,1.000000,0.000663
Greedy,scholar,300,30,72,0.000000,1,1,0.751041,0.282500,-0.015377,1.000000,0.000665
Greedy,scholar,600,1,43,0.007684,1,1,0.701630,0.285000,0.050936,1.000000,0.000767
Greedy,scholar,600,2,44,0.007684,1,1,0.701630,0.285000,0.050936,1.000000,0.000769
Greedy,scholar,600,3,45,0.007684,1,1,0.701630,0.285000,0.050936,1.000000,0.000767
Greedy,scholar,600,4,46,0.007684,1,1,0.701630,0.285000,0.050936,1.000000,0.000764
Greedy,scholar,600,5,47,0.007684,1,1,0.701630,0.285000,0.050936,1.000000,0.000764
Greedy,scholar,600,6,48,0.007684,1,1,0.701630,0.285000,0.050936,1.000000,0.000766
Greedy,scholar,600,7,49,0.007684,1,1,0.701630,0.285000,0.050936,1.000000,0.000766
Greedy,scholar,600,8,50,0.007684,1,1,0.701630,0.285000,0.050936,1.000000,0.000770
Greedy,scholar,600,9,51,0.007684,1,1,0.701630,0.285000,0.050936,1.000000,0.000770
Greedy,scholar,600,10,52,0.007684,1,1,0.701630,0.285000,0.050936,1.000000,0.000765
Greedy,scholar,600,11,53,0.007684,1,1,0.701630,0.285000,0.050936,1.000000,0.000765
Greedy,scholar,600,12,54,0.007684,1,1,0.701630,0.285000,0.050936,1.000000,0.000764
Greedy,scholar,600,13,55,0.007684,1,1,0.701630,0.285000,0.050936,1.000000,0.000764
Greedy,scholar,600,14,56,0.007684,1,1,0.701630,0.285000,0.050936,1.000000,0.000763
Greedy,scholar,600,15,57,0.007684,1,1,0.701630,0.285000,0.050936,1.000000,0.000767
Greedy,scholar,600,16,58,0.007684,1,1,0.701630,0.285000,0.050936,1.000000,0.000767
Greedy,scholar,600,17,59,0.007684,1,1,0.701630,0.285000,0.050936,1.000000,0.000765
Greedy,scholar,600,18,60,0.007684,1,1,0.701630,0.285000,0.050936,1.000000,0.000768
Greedy,scholar,600,19,61,0.007684,1,1,0.701630,0.285000,0.050936,1.000000,0.000770
Greedy,scholar,600,20,62,0.007684,1,1,0.701630,0.285000,0.050936,1.000000,0.000765
Greedy,scholar,600,21,63,0.007684,1,1,0.701630,0.285000,0.050936,1.000000,0.000777
Greedy,scholar,600,22,64,0.007684,1,1,0.701630,0.285000,0.050936,1.000000,0.000763
Greedy,scholar,600,23,65,0.007684,1,1,0.701630,0.285000,0.050936,1.000000,0.000763
Greedy,scholar,600,24,66,0.007684,1,1,0.701630,0.285000,0.050936,1.000000,0.000765
Greedy,scholar,600,25,67,0.007684,1,1,0.701630,0.285000,0.050936,1.000000,0.000764
Greedy,scholar,600,26,68,0.007684,1,1,0.701630,0.285000,0.050936,1.000000,0.000765
Greedy,scholar,600,27,69,0.007684,1,1,0.701630,0.285000,0.050936,1.000000,0.000761
Greedy,scholar,600,28,70,0.007684,1,1,0.701630,0.285000,0.050936,1.000000,0.000763
Greedy,scholar,600,29,71,0.007684,1,1,0.701630,0.285000,0.050936,1.000000,0.000764
Greedy,scholar,600,30,72,0.007684,1,1,0.701630,0.285000,0.050936,1.000000,0.000762
Greedy,tourist,300,1,43,0.015390,1,1,0.447214,0.062500,0.078659,1.000000,0.000659
Greedy,tourist,300,2,44,0.015390,1,1,0.447214,0.062500,0.078659,1.000000,0.000666
Greedy,tourist,300,3,45,0.015390,1,1,0.447214,0.062500,0.078659,1.000000,0.000661
Greedy,tourist,300,4,46,0.015390,1,1,0.447214,0.062500,0.078659,1.000000,0.000679
Greedy,tourist,300,5,47,0.015390,1,1,0.447214,0.062500,0.078659,1.000000,0.000661
Greedy,tourist,300,6,48,0.015390,1,1,0.447214,0.062500,0.078659,1.000000,0.000661
Greedy,tourist,300,7,49,0.015390,1,1,0.447214,0.062500,0.078659,1.000000,0.000662
Greedy,tourist,300,8,50,0.015390,1,1,0.447214,0.062500,0.078659,1.000000,0.000667
Greedy,tourist,300,9,51,0.015390,1,1,0.447214,0.062500,0.078659,1.000000,0.000662
Greedy,tourist,300,10,52,0.015390,1,1,0.447214,0.062500,0.078659,1.000000,0.000663
Greedy,tourist,300,11,53,0.015390,1,1,0.447214,0.062500,0.078659,1.000000,0.000661
Greedy,tourist,300,12,54,0.015390,1,1,0.447214,0.062500,0.078659,1.000000,0.000660
Greedy,tourist,300,13,55,0.015390,1,1,0.447214,0.062500,0.078659,1.000000,0.000661
Greedy,tourist,300,14,56,0.015390,1,1,0.447214,0.062500,0.078659,1.000000,0.000665
Greedy,tourist,300,15,57,0.015390,1,1,0.447214,0.062500,0.078659,1.000000,0.000659
Greedy,tourist,300,16,58,0.015390,1,1,0.447214,0.062500,0.078659,1.000000,0.000656
Greedy,tourist,300,17,59,0.015390,1,1,0.447214,0.062500,0.078659,1.000000,0.000659
Greedy,tourist,300,18,60,0.015390,1,1,0.447214,0.062500,0.078659,1.000000,0.000676
Greedy,tourist,300,19,61,0.015390,1,1,0.447214,0.062500,0.078659,1.000000,0.000661
Greedy,tourist,300,20,62,0.015390,1,1,0.447214,0.062500,0.078659,1.000000,0.000663
Greedy,tourist,300,21,63,0.015390,1,1,0.447214,0.062500,0.078659,1.000000,0.000660
Greedy,tourist,300,22,64,0.015390,1,1,0.447214,0.062500,0.078659,1.000000,0.000701
Greedy,tourist,300,23,65,0.015390,1,1,0.447214,0.062500,0.078659,1.000000,0.000660
Greedy,tourist,300,24,66,0.015390,1,1,0.447214,0.062500,0.078659,1.000000,0.000660
Greedy,tourist,300,25,67,0.015390,1,1,0.447214,0.062500,0.078659,1.000000,0.000662
Greedy,tourist,300,26,68,0.015390,1,1,0.447214,0.062500,0.078659,1.000000,0.000661
Greedy,tourist,300,27,69,0.015390,1,1,0.447214,0.062500,0.078659,1.000000,0.000664
Greedy,tourist,300,28,70,0.015390,1,1,0.447214,0.062500,0.078659,1.000000,0.000662
Greedy,tourist,300,29,71,0.015390,1,1,0.447214,0.062500,0.078659,1.000000,0.000660
Greedy,tourist,300,30,72,0.015390,1,1,0.447214,0.062500,0.078659,1.000000,0.000666
Greedy,tourist,600,1,43,0.020335,1,1,0.447214,0.047500,0.100487,1.000000,0.000662
Greedy,tourist,600,2,44,0.020335,1,1,0.447214,0.047500,0.100487,1.000000,0.000673
Greedy,tourist,600,3,45,0.020335,1,1,0.447214,0.047500,0.100487,1.000000,0.000672
Greedy,tourist,600,4,46,0.020335,1,1,0.447214,0.047500,0.100487,1.000000,0.000672
Greedy,tourist,600,5,47,0.020335,1,1,0.447214,0.047500,0.100487,1.000000,0.000666
Greedy,tourist,600,6,48,0.020335,1,1,0.447214,0.047500,0.100487,1.000000,0.000665
Greedy,tourist,600,7,49,0.020335,1,1,0.447214,0.047500,0.100487,1.000000,0.000669
Greedy,tourist,600,8,50,0.020335,1,1,0.447214,0.047500,0.100487,1.000000,0.000667
Greedy,tourist,600,9,51,0.020335,1,1,0.447214,0.047500,0.100487,1.000000,0.000667
Greedy,tourist,600,10,52,0.020335,1,1,0.447214,0.047500,0.100487,1.000000,0.000712
Greedy,tourist,600,11,53,0.020335,1,1,0.447214,0.047500,0.100487,1.000000,0.000664
Greedy,tourist,600,12,54,0.020335,1,1,0.447214,0.047500,0.100487,1.000000,0.000668
Greedy,tourist,600,13,55,0.020335,1,1,0.447214,0.047500,0.100487,1.000000,0.000669
Greedy,tourist,600,14,56,0.020335,1,1,0.447214,0.047500,0.100487,1.000000,0.000668
Greedy,tourist,600,15,57,0.020335,1,1,0.447214,0.047500,0.100487,1.000000,0.000663
Greedy,tourist,600,16,58,0.020335,1,1,0.447214,0.047500,0.100487,1.000000,0.000666
Greedy,tourist,600,17,59,0.020335,1,1,0.447214,0.047500,0.100487,1.000000,0.000677
Greedy,tourist,600,18,60,0.020335,1,1,0.447214,0.047500,0.100487,1.000000,0.000667
Greedy,tourist,600,19,61,0.020335,1,1,0.447214,0.047500,0.100487,1.000000,0.000671
Greedy,tourist,600,20,62,0.020335,1,1,0.447214,0.047500,0.100487,1.000000,0.000667
Greedy,tourist,600,21,63,0.020335,1,1,0.447214,0.047500,0.100487,1.000000,0.000661
Greedy,tourist,600,22,64,0.020335,1,1,0.447214,0.047500,0.100487,1.000000,0.000670
Greedy,tourist,600,23,65,0.020335,1,1,0.447214,0.047500,0.100487,1.000000,0.000666
Greedy,tourist,600,24,66,0.020335,1,1,0.447214,0.047500,0.100487,1.000000,0.000672
Greedy,tourist,600,25,67,0.020335,1,1,0.447214,0.047500,0.100487,1.000000,0.000669
Greedy,tourist,600,26,68,0.020335,1,1,0.447214,0.047500,0.100487,1.000000,0.000666
Greedy,tourist,600,27,69,0.020335,1,1,0.447214,0.047500,0.100487,1.000000,0.000665
Greedy,tourist,600,28,70,0.020335,1,1,0.447214,0.047500,0.100487,1.000000,0.000671
Greedy,tourist,600,29,71,0.020335,1,1,0.447214,0.047500,0.100487,1.000000,0.000665
Greedy,tourist,600,30,72,0.020335,1,1,0.447214,0.047500,0.100487,1.000000,0.000665
Greedy,senior,300,1,43,0.000000,1,0,0.000000,0.000000,0.000000,0.000000,0.002064
Greedy,senior,300,2,44,0.000000,1,0,0.000000,0.000000,0.000000,0.000000,0.002046
Greedy,senior,300,3,45,0.000000,1,0,0.000000,0.000000,0.000000,0.000000,0.002046
Greedy,senior,300,4,46,0.000000,1,0,0.000000,0.000000,0.000000,0.000000,0.002044
Greedy,senior,300,5,47,0.000000,1,0,0.000000,0.000000,0.000000,0.000000,0.002047
Greedy,senior,300,6,48,0.000000,1,0,0.000000,0.000000,0.000000,0.000000,0.002047
Greedy,senior,300,7,49,0.000000,1,0,0.000000,0.000000,0.000000,0.000000,0.002041
Greedy,senior,300,8,50,0.000000,1,0,0.000000,0.000000,0.000000,0.000000,0.002042
Greedy,senior,300,9,51,0.000000,1,0,0.000000,0.000000,0.000000,0.000000,0.002040
Greedy,senior,300,10,52,0.000000,1,0,0.000000,0.000000,0.000000,0.000000,0.002040
Greedy,senior,300,11,53,0.000000,1,0,0.000000,0.000000,0.000000,0.000000,0.002044
Greedy,senior,300,12,54,0.000000,1,0,0.000000,0.000000,0.000000,0.000000,0.002041
Greedy,senior,300,13,55,0.000000,1,0,0.000000,0.000000,0.000000,0.000000,0.002037
Greedy,senior,300,14,56,0.000000,1,0,0.000000,0.000000,0.000000,0.000000,0.002045
Greedy,senior,300,15,57,0.000000,1,0,0.000000,0.000000,0.000000,0.000000,0.002042
Greedy,senior,300,16,58,0.000000,1,0,0.000000,0.000000,0.000000,0.000000,0.002038
Greedy,senior,300,17,59,0.000000,1,0,0.000000,0.000000,0.000000,0.000000,0.002041
Greedy,senior,300,18,60,0.000000,1,0,0.000000,0.000000,0.000000,0.000000,0.002042
Greedy,senior,300,19,61,0.000000,1,0,0.000000,0.000000,0.000000,0.000000,0.002035
Greedy,senior,300,20,62,0.000000,1,0,0.000000,0.000000,0.000000,0.000000,0.002046
Greedy,senior,300,21,63,0.000000,1,0,0.000000,0.000000,0.000000,0.000000,0.002036
Greedy,senior,300,22,64,0.000000,1,0,0.000000,0.000000,0.000000,0.000000,0.002034
Greedy,senior,300,23,65,0.000000,1,0,0.000000,0.000000,0.000000,0.000000,0.002039
Greedy,senior,300,24,66,0.000000,1,0,0.000000,0.000000,0.000000,0.000000,0.002041
Greedy,senior,300,25,67,0.000000,1,0,0.000000,0.000000,0.000000,0.000000,0.002079
Greedy,senior,300,26,68,0.000000,1,0,0.000000,0.000000,0.000000,0.000000,0.002045
Greedy,senior,300,27,69,0.000000,1,0,0.000000,0.000000,0.000000,0.000000,0.002041
Greedy,senior,300,28,70,0.000000,1,0,0.000000,0.000000,0.000000,0.000000,0.002037
Greedy,senior,300,29,71,0.000000,1,0,0.000000,0.000000,0.000000,0.000000,0.002040
Greedy,senior,300,30,72,0.000000,1,0,0.000000,0.000000,0.000000,0.000000,0.002055
Greedy,senior,600,1,43,0.016922,1,1,0.602809,0.053750,0.062907,1.000000,0.000670
Greedy,senior,600,2,44,0.016922,1,1,0.602809,0.053750,0.062907,1.000000,0.000670
Greedy,senior,600,3,45,0.016922,1,1,0.602809,0.053750,0.062907,1.000000,0.000667
Greedy,senior,600,4,46,0.016922,1,1,0.602809,0.053750,0.062907,1.000000,0.000669
Greedy,senior,600,5,47,0.016922,1,1,0.602809,0.053750,0.062907,1.000000,0.000668
Greedy,senior,600,6,48,0.016922,1,1,0.602809,0.053750,0.062907,1.000000,0.000669
Greedy,senior,600,7,49,0.016922,1,1,0.602809,0.053750,0.062907,1.000000,0.000669
Greedy,senior,600,8,50,0.016922,1,1,0.602809,0.053750,0.062907,1.000000,0.000670
Greedy,senior,600,9,51,0.016922,1,1,0.602809,0.053750,0.062907,1.000000,0.000668
Greedy,senior,600,10,52,0.016922,1,1,0.602809,0.053750,0.062907,1.000000,0.000667
Greedy,senior,600,11,53,0.016922,1,1,0.602809,0.053750,0.062907,1.000000,0.000667
Greedy,senior,600,12,54,0.016922,1,1,0.602809,0.053750,0.062907,1.000000,0.000672
Greedy,senior,600,13,55,0.016922,1,1,0.602809,0.053750,0.062907,1.000000,0.000680
Greedy,senior,600,14,56,0.016922,1,1,0.602809,0.053750,0.062907,1.000000,0.000672
Greedy,senior,600,15,57,0.016922,1,1,0.602809,0.053750,0.062907,1.000000,0.000667
Greedy,senior,600,16,58,0.016922,1,1,0.602809,0.053750,0.062907,1.000000,0.000665
Greedy,senior,600,17,59,0.016922,1,1,0.602809,0.053750,0.062907,1.000000,0.000671
Greedy,senior,600,18,60,0.016922,1,1,0.602809,0.053750,0.062907,1.000000,0.000667
Greedy,senior,600,19,61,0.016922,1,1,0.602809,0.053750,0.062907,1.000000,0.000668
Greedy,senior,600,20,62,0.016922,1,1,0.602809,0.053750,0.062907,1.000000,0.000669
Greedy,senior,600,21,63,0.016922,1,1,0.602809,0.053750,0.062907,1.000000,0.000665
Greedy,senior,600,22,64,0.016922,1,1,0.602809,0.053750,0.062907,1.000000,0.000667
Greedy,senior,600,23,65,0.016922,1,1,0.602809,0.053750,0.062907,1.000000,0.000672
Greedy,senior,600,24,66,0.016922,1,1,0.602809,0.053750,0.062907,1.000000,0.000668
Greedy,senior,600,25,67,0.016922,1,1,0.602809,0.053750,0.062907,1.000000,0.000671
Greedy,senior,600,26,68,0.016922,1,1,0.602809,0.053750,0.062907,1.000000,0.000664
Greedy,senior,600,27,69,0.016922,1,1,0.602809,0.053750,0.062907,1.000000,0.000682
Greedy,senior,600,28,70,0.016922,1,1,0.602809,0.053750,0.062907,1.000000,0.000667
Greedy,senior,600,29,71,0.016922,1,1,0.602809,0.053750,0.062907,1.000000,0.000671
Greedy,senior,600,30,72,0.016922,1,1,0.602809,0.053750,0.062907,1.000000,0.000666
NSGA2_std,child,300,1,43,0.074873,100,100,0.608038,0.023200,0.164902,1.000000,6.309043
NSGA2_std,child,300,2,44,0.075082,100,100,0.644130,0.043650,0.132095,1.000000,6.191829
NSGA2_std,child,300,3,45,0.083192,100,97,0.636335,0.049356,0.139208,0.970000,5.829148
NSGA2_std,child,300,4,46,0.076562,100,94,0.618954,0.026862,0.151893,0.940000,8.192554
NSGA2_std,child,300,5,47,0.074122,100,100,0.615625,0.030875,0.154359,1.000000,4.417216
NSGA2_std,child,300,6,48,0.071749,100,100,0.611795,0.037275,0.124925,1.000000,5.905829
NSGA2_std,child,300,7,49,0.073972,100,100,0.579533,0.017200,0.172108,1.000000,6.310073
NSGA2_std,child,300,8,50,0.072133,100,100,0.623580,0.049050,0.138018,1.000000,6.637977
NSGA2_std,child,300,9,51,0.075430,100,100,0.632934,0.033875,0.142416,1.000000,6.885706
NSGA2_std,child,300,10,52,0.074753,100,100,0.629104,0.027025,0.144080,1.000000,6.001431
NSGA2_std,child,300,11,53,0.071707,100,89,0.601918,0.021826,0.172467,0.890000,10.621798
NSGA2_std,child,300,12,54,0.068809,100,100,0.598610,0.025975,0.127322,1.000000,5.576260
NSGA2_std,child,300,13,55,0.090988,100,100,0.580270,0.033800,0.167051,1.000000,5.513953
NSGA2_std,child,300,14,56,0.074256,100,100,0.617393,0.026875,0.152719,1.000000,7.451645
NSGA2_std,child,300,15,57,0.075618,100,93,0.612382,0.022796,0.149238,0.930000,7.672462
NSGA2_std,child,300,16,58,0.059411,100,100,0.631756,0.020625,0.139415,1.000000,4.509891
NSGA2_std,child,300,17,59,0.074997,100,88,0.568163,0.020966,0.184605,0.880000,7.416753
NSGA2_std,child,300,18,60,0.074817,100,100,0.616730,0.024600,0.160017,1.000000,6.335130
NSGA2_std,child,300,19,61,0.080302,100,94,0.519125,0.036596,0.147487,0.940000,6.099869
NSGA2_std,child,300,20,62,0.075955,100,100,0.612458,0.026475,0.148264,1.000000,6.001393
NSGA2_std,child,300,21,63,0.074267,100,100,0.644940,0.036325,0.140211,1.000000,5.593209
NSGA2_std,child,300,22,64,0.068980,100,100,0.612531,0.025500,0.157461,1.000000,7.411947
NSGA2_std,child,300,23,65,0.072408,100,100,0.604576,0.021175,0.127948,1.000000,4.891802
NSGA2_std,child,300,24,66,0.090925,100,100,0.568190,0.023825,0.163827,1.000000,7.043709
NSGA2_std,child,300,25,67,0.090852,100,100,0.577692,0.033475,0.181526,1.000000,6.593060
NSGA2_std,child,300,26,68,0.074565,100,90,0.569778,0.011583,0.185918,0.900000,12.281685
NSGA2_std,child,300,27,69,0.076464,100,100,0.602588,0.023150,0.151822,1.000000,6.976224
NSGA2_std,child,300,28,70,0.073332,100,98,0.619094,0.020510,0.135403,0.980000,8.597858
NSGA2_std,child,300,29,71,0.073610,100,100,0.611574,0.026425,0.138288,1.000000,5.866761
NSGA2_std,child,300,30,72,0.072995,100,100,0.590213,0.020625,0.170836,1.000000,4.617243
NSGA2_std,child,600,1,43,0.062854,100,100,0.597579,0.023500,0.177091,1.000000,7.422152
NSGA2_std,child,600,2,44,0.069686,100,100,0.592533,0.021875,0.170854,1.000000,9.682031
NSGA2_std,child,600,3,45,0.060721,100,100,0.577286,0.015875,0.162800,1.000000,12.814622
NSGA2_std,child,600,4,46,0.068289,100,100,0.560566,0.011200,0.186115,1.000000,6.322436
NSGA2_std,child,600,5,47,0.071027,100,100,0.582590,0.012563,0.184870,1.000000,7.517520
NSGA2_std,child,600,6,48,0.064118,100,100,0.573125,0.009687,0.171550,1.000000,9.213174
NSGA2_std,child,600,7,49,0.068125,100,100,0.565870,0.026050,0.185552,1.000000,7.059721
NSGA2_std,child,600,8,50,0.063120,100,100,0.546977,0.016200,0.184007,1.000000,9.108125
NSGA2_std,child,600,9,51,0.074804,100,100,0.579754,0.024788,0.184820,1.000000,9.115282
NSGA2_std,child,600,10,52,0.055058,100,100,0.576329,0.011013,0.155158,1.000000,6.425611
NSGA2_std,child,600,11,53,0.070389,100,100,0.582811,0.014225,0.187905,1.000000,9.311576
NSGA2_std,child,600,12,54,0.067526,100,100,0.575740,0.008975,0.168211,1.000000,7.766997
NSGA2_std,child,600,13,55,0.070910,100,100,0.565207,0.013175,0.193264,1.000000,8.892526
NSGA2_std,child,600,14,56,0.063767,100,100,0.560787,0.021275,0.181117,1.000000,7.222420
NSGA2_std,child,600,15,57,0.069791,100,100,0.593749,0.011500,0.177779,1.000000,6.653060
NSGA2_std,child,600,16,58,0.064741,100,100,0.586972,0.019925,0.175163,1.000000,9.051001
NSGA2_std,child,600,17,59,0.070004,100,100,0.566717,0.010150,0.192481,1.000000,5.726623
NSGA2_std,child,600,18,60,0.065124,100,100,0.566201,0.016700,0.176090,1.000000,9.494109
NSGA2_std,child,600,19,61,0.068333,100,100,0.575666,0.012838,0.184645,1.000000,6.523671
NSGA2_std,child,600,20,62,0.063344,100,100,0.582185,0.015138,0.168194,1.000000,10.482125
NSGA2_std,child,600,21,63,0.064568,100,100,0.588851,0.025950,0.170493,1.000000,8.479873
NSGA2_std,child,600,22,64,0.065198,100,100,0.556920,0.023438,0.149014,1.000000,8.092068
NSGA2_std,child,600,23,65,0.074138,100,100,0.554121,0.024638,0.189156,1.000000,7.046393
NSGA2_std,child,600,24,66,0.075276,100,100,0.548818,0.019900,0.198426,1.000000,10.108652
NSGA2_std,child,600,25,67,0.067674,100,100,0.585978,0.013075,0.172126,1.000000,10.044938
NSGA2_std,child,600,26,68,0.068194,100,100,0.602698,0.025988,0.172661,1.000000,7.002523
NSGA2_std,child,600,27,69,0.064436,100,100,0.598684,0.022775,0.178795,1.000000,8.998459
NSGA2_std,child,600,28,70,0.071514,100,100,0.595995,0.024663,0.176648,1.000000,6.089153
NSGA2_std,child,600,29,71,0.070631,100,100,0.590361,0.018300,0.183314,1.000000,6.653310
NSGA2_std,child,600,30,72,0.053904,100,100,0.553127,0.014638,0.148819,1.000000,6.174625
NSGA2_std,scholar,300,1,43,0.062839,100,100,0.448648,0.120525,0.162325,1.000000,1.788167
NSGA2_std,scholar,300,2,44,0.064089,100,100,0.597868,0.122050,0.143929,1.000000,1.807536
NSGA2_std,scholar,300,3,45,0.081942,100,100,0.609397,0.157225,0.192200,1.000000,1.969037
NSGA2_std,scholar,300,4,46,0.069397,100,100,0.532646,0.111275,0.122865,1.000000,1.558326
NSGA2_std,scholar,300,5,47,0.063430,100,100,0.703277,0.117675,0.137420,1.000000,1.728477
NSGA2_std,scholar,300,6,48,0.076466,100,100,0.578763,0.141875,0.195501,1.000000,1.391327
NSGA2_std,scholar,300,7,49,0.074263,100,100,0.697019,0.152575,0.144853,1.000000,2.418665
NSGA2_std,scholar,300,8,50,0.070445,100,100,0.703607,0.122300,0.137296,1.000000,1.515300
NSGA2_std,scholar,300,9,51,0.065657,100,100,0.693395,0.103025,0.126257,1.000000,1.567206
NSGA2_std,scholar,300,10,52,0.069068,100,100,0.623232,0.131300,0.144934,1.000000,1.507105
NSGA2_std,scholar,300,11,53,0.077565,100,100,0.619279,0.134375,0.170915,1.000000,1.934893
NSGA2_std,scholar,300,12,54,0.058880,100,100,0.677584,0.106650,0.126169,1.000000,1.517584
NSGA2_std,scholar,300,13,55,0.069780,100,100,0.549775,0.130650,0.156793,1.000000,1.536796
NSGA2_std,scholar,300,14,56,0.074983,100,100,0.578763,0.133925,0.152093,1.000000,2.294703
NSGA2_std,scholar,300,15,57,0.070345,100,100,0.584033,0.118250,0.145863,1.000000,1.454247
NSGA2_std,scholar,300,16,58,0.061756,100,100,0.719418,0.106125,0.129147,1.000000,1.565521
NSGA2_std,scholar,300,17,59,0.071082,100,100,0.506953,0.120275,0.159874,1.000000,1.773790
NSGA2_std,scholar,300,18,60,0.068119,100,100,0.649585,0.114725,0.142589,1.000000,1.732551
NSGA2_std,scholar,300,19,61,0.067380,100,100,0.681866,0.107000,0.133314,1.000000,1.237647
NSGA2_std,scholar,300,20,62,0.064286,100,100,0.696030,0.112050,0.128839,1.000000,1.339319
NSGA2_std,scholar,300,21,63,0.065980,100,100,0.645302,0.136800,0.137883,1.000000,1.742799
NSGA2_std,scholar,300,22,64,0.066290,100,100,0.682854,0.122950,0.129516,1.000000,1.588757
NSGA2_std,scholar,300,23,65,0.064184,100,100,0.713818,0.114150,0.124424,1.000000,1.436339
NSGA2_std,scholar,300,24,66,0.078870,100,100,0.642338,0.123800,0.162374,1.000000,1.465377
NSGA2_std,scholar,300,25,67,0.071026,100,100,0.723371,0.126050,0.136005,1.000000,2.293701
NSGA2_std,scholar,300,26,68,0.064370,100,100,0.703936,0.133375,0.146012,1.000000,1.451544
NSGA2_std,scholar,300,27,69,0.066667,100,100,0.460836,0.143900,0.165025,1.000000,1.745158
NSGA2_std,scholar,300,28,70,0.070605,100,100,0.452272,0.133125,0.179376,1.000000,2.014265
NSGA2_std,scholar,300,29,71,0.078836,100,100,0.566904,0.144975,0.176259,1.000000,2.250712
NSGA2_std,scholar,300,30,72,0.075928,100,100,0.497071,0.138675,0.171903,1.000000,2.027879
NSGA2_std,scholar,600,1,43,0.068631,100,100,0.684007,0.135763,0.156749,1.000000,1.482263
NSGA2_std,scholar,600,2,44,0.058453,100,100,0.699325,0.122863,0.133700,1.000000,1.324995
NSGA2_std,scholar,600,3,45,0.051770,100,100,0.670666,0.114838,0.131631,1.000000,1.343966
NSGA2_std,scholar,600,4,46,0.063422,100,100,0.688948,0.140813,0.144887,1.000000,1.376175
NSGA2_std,scholar,600,5,47,0.060521,100,100,0.700148,0.128850,0.120109,1.000000,1.386872
NSGA2_std,scholar,600,6,48,0.051941,100,100,0.672972,0.133850,0.136380,1.000000,1.355838
NSGA2_std,scholar,600,7,49,0.065855,100,100,0.652220,0.130588,0.151758,1.000000,1.518101
NSGA2_std,scholar,600,8,50,0.057172,100,100,0.680054,0.119438,0.132246,1.000000,1.394526
NSGA2_std,scholar,600,9,51,0.060029,100,100,0.661278,0.118388,0.143000,1.000000,1.307789
NSGA2_std,scholar,600,10,52,0.049588,100,100,0.720736,0.117650,0.121464,1.000000,1.412500
NSGA2_std,scholar,600,11,53,0.065073,100,100,0.675443,0.128300,0.153219,1.000000,1.366495
NSGA2_std,scholar,600,12,54,0.052064,100,100,0.692572,0.119975,0.123771,1.000000,1.358906
NSGA2_std,scholar,600,13,55,0.054986,100,100,0.711348,0.127175,0.136416,1.000000,1.381876
NSGA2_std,scholar,600,14,56,0.063822,100,100,0.630644,0.126963,0.145547,1.000000,1.321269
NSGA2_std,scholar,600,15,57,0.055228,100,100,0.694713,0.124413,0.134492,1.000000,1.484105
NSGA2_std,scholar,600,16,58,0.055070,100,100,0.699654,0.123625,0.137777,1.000000,1.370028
NSGA2_std,scholar,600,17,59,0.065023,100,100,0.675607,0.144713,0.144608,1.000000,1.749938
NSGA2_std,scholar,600,18,60,0.053186,100,100,0.720900,0.129187,0.134948,1.000000,1.537196
NSGA2_std,scholar,600,19,61,0.062137,100,100,0.640197,0.127950,0.147155,1.000000,1.372161
NSGA2_std,scholar,600,20,62,0.062387,100,100,0.665725,0.127663,0.149655,1.000000,1.384612
NSGA2_std,scholar,600,21,63,0.062892,100,100,0.660620,0.124438,0.151539,1.000000,1.354585
NSGA2_std,scholar,600,22,64,0.054454,100,100,0.685325,0.123688,0.132637,1.000000,1.445991
NSGA2_std,scholar,600,23,65,0.066661,100,100,0.623891,0.131275,0.140661,1.000000,1.329984
NSGA2_std,scholar,600,24,66,0.061240,100,100,0.703442,0.128150,0.139814,1.000000,1.483597
NSGA2_std,scholar,600,25,67,0.059916,100,100,0.675607,0.131563,0.142398,1.000000,1.352405
NSGA2_std,scholar,600,26,68,0.046890,100,100,0.653702,0.103388,0.121041,1.000000,1.380378
NSGA2_std,scholar,600,27,69,0.059680,100,100,0.619232,0.113432,0.128293,1.000000,1.455420
NSGA2_std,scholar,600,28,70,0.060483,100,100,0.661443,0.126413,0.138339,1.000000,1.390989
NSGA2_std,scholar,600,29,71,0.063719,100,100,0.693395,0.135563,0.146243,1.000000,1.384296
NSGA2_std,scholar,600,30,72,0.070533,100,100,0.666572,0.097979,0.142350,1.000000,1.539534
NSGA2_std,tourist,300,1,43,0.049935,100,100,0.447214,0.008000,0.160615,1.000000,1.342943
NSGA2_std,tourist,300,2,44,0.048620,100,100,0.447214,0.007275,0.216657,1.000000,2.025047
NSGA2_std,tourist,300,3,45,0.047023,100,100,0.447214,0.015500,0.190586,1.000000,1.949520
NSGA2_std,tourist,300,4,46,0.054547,100,100,0.447214,0.022125,0.214477,1.000000,1.998288
NSGA2_std,tourist,300,5,47,0.043751,100,100,0.447214,0.053250,0.192189,1.000000,1.588476
NSGA2_std,tourist,300,6,48,0.054923,100,100,0.447214,0.010875,0.224765,1.000000,1.359455
NSGA2_std,tourist,300,7,49,0.058573,100,100,0.447214,0.011750,0.216527,1.000000,2.314038
NSGA2_std,tourist,300,8,50,0.049560,100,100,0.447214,0.000375,0.178824,1.000000,1.273613
NSGA2_std,tourist,300,9,51,0.041866,100,100,0.447214,0.011175,0.183756,1.000000,1.248776
NSGA2_std,tourist,300,10,52,0.054457,100,100,0.447214,0.029025,0.226963,1.000000,2.582965
NSGA2_std,tourist,300,11,53,0.064645,100,100,0.447214,0.002650,0.233684,1.000000,1.482186
NSGA2_std,tourist,300,12,54,0.054277,100,100,0.447214,0.013650,0.240488,1.000000,1.627053
NSGA2_std,tourist,300,13,55,0.049689,100,100,0.447214,0.062575,0.191991,1.000000,2.693974
NSGA2_std,tourist,300,14,56,0.058807,100,100,0.447214,0.039750,0.261939,1.000000,2.104466
NSGA2_std,tourist,300,15,57,0.046696,100,100,0.447214,0.000000,0.208831,1.000000,1.324289
NSGA2_std,tourist,300,16,58,0.064565,100,100,0.447214,0.011225,0.280863,1.000000,1.628995
NSGA2_std,tourist,300,17,59,0.053492,100,100,0.447214,0.009400,0.185505,1.000000,1.883297
NSGA2_std,tourist,300,18,60,0.044430,100,100,0.447214,0.030175,0.184375,1.000000,2.489159
NSGA2_std,tourist,300,19,61,0.065898,100,100,0.447214,0.013850,0.273702,1.000000,1.238933
NSGA2_std,tourist,300,20,62,0.043601,100,100,0.447214,0.074450,0.197971,1.000000,1.348239
NSGA2_std,tourist,300,21,63,0.050218,100,100,0.447214,0.060750,0.224379,1.000000,1.423770
NSGA2_std,tourist,300,22,64,0.048059,100,100,0.447214,0.006000,0.187400,1.000000,1.416770
NSGA2_std,tourist,300,23,65,0.064745,100,100,0.447214,0.010850,0.282913,1.000000,1.314427
NSGA2_std,tourist,300,24,66,0.054710,100,100,0.447214,0.002875,0.167361,1.000000,1.564294
NSGA2_std,tourist,300,25,67,0.064660,100,100,0.447214,0.016700,0.278211,1.000000,1.340419
NSGA2_std,tourist,300,26,68,0.047200,100,100,0.447214,0.000675,0.139802,1.000000,4.394481
NSGA2_std,tourist,300,27,69,0.057621,100,100,0.447214,0.024850,0.233279,1.000000,1.999575
NSGA2_std,tourist,300,28,70,0.059239,100,100,0.447214,0.074850,0.264168,1.000000,1.643939
NSGA2_std,tourist,300,29,71,0.065879,100,100,0.447214,0.022450,0.273488,1.000000,2.900399
NSGA2_std,tourist,300,30,72,0.054889,100,100,0.447214,0.031925,0.234378,1.000000,1.756081
NSGA2_std,tourist,600,1,43,0.041325,100,100,0.447214,0.003250,0.180469,1.000000,1.385688
NSGA2_std,tourist,600,2,44,0.047459,100,100,0.447214,0.002275,0.207644,1.000000,1.735266
NSGA2_std,tourist,600,3,45,0.052542,100,100,0.447214,0.014625,0.234005,1.000000,1.929971
NSGA2_std,tourist,600,4,46,0.040893,100,100,0.447214,0.003675,0.182825,1.000000,1.522374
NSGA2_std,tourist,600,5,47,0.040062,100,100,0.447214,0.000425,0.158693,1.000000,1.994019
NSGA2_std,tourist,600,6,48,0.050210,100,100,0.447214,0.000100,0.204642,1.000000,1.346267
NSGA2_std,tourist,600,7,49,0.052408,100,100,0.447214,0.000000,0.234377,1.000000,1.776876
NSGA2_std,tourist,600,8,50,0.045655,100,100,0.447214,0.024000,0.199526,1.000000,1.556937
NSGA2_std,tourist,600,9,51,0.043460,100,100,0.447214,0.004475,0.180902,1.000000,1.296036
NSGA2_std,tourist,600,10,52,0.045922,100,100,0.447214,0.000075,0.138713,1.000000,1.434399
NSGA2_std,tourist,600,11,53,0.043303,100,100,0.447214,0.000750,0.181086,1.000000,1.403487
NSGA2_std,tourist,600,12,54,0.037213,100,100,0.447214,0.008571,0.140951,1.000000,1.539769
NSGA2_std,tourist,600,13,55,0.047941,100,100,0.447214,0.001412,0.182296,1.000000,1.798754
NSGA2_std,tourist,600,14,56,0.052336,100,100,0.447214,0.009237,0.213466,1.000000,1.319566
NSGA2_std,tourist,600,15,57,0.047595,100,100,0.447214,0.010175,0.210871,1.000000,1.504283
NSGA2_std,tourist,600,16,58,0.052863,100,100,0.447214,0.002375,0.210398,1.000000,1.728362
NSGA2_std,tourist,600,17,59,0.046999,100,100,0.447214,0.003337,0.153565,1.000000,1.705553
NSGA2_std,tourist,600,18,60,0.042822,100,100,0.447214,0.006125,0.189088,1.000000,1.532496
NSGA2_std,tourist,600,19,61,0.046283,100,100,0.447214,0.000000,0.206985,1.000000,1.607356
NSGA2_std,tourist,600,20,62,0.052743,100,100,0.447214,0.001175,0.183228,1.000000,1.371446
NSGA2_std,tourist,600,21,63,0.039740,100,100,0.447214,0.001200,0.176102,1.000000,1.451911
NSGA2_std,tourist,600,22,64,0.039114,100,100,0.447214,0.019738,0.171048,1.000000,1.412614
NSGA2_std,tourist,600,23,65,0.040674,100,100,0.447214,0.000000,0.181899,1.000000,1.388082
NSGA2_std,tourist,600,24,66,0.043873,100,100,0.447214,0.010250,0.172081,1.000000,2.433752
NSGA2_std,tourist,600,25,67,0.050195,100,100,0.447214,0.002913,0.194355,1.000000,1.380815
NSGA2_std,tourist,600,26,68,0.046576,100,100,0.447214,0.028212,0.207554,1.000000,1.610330
NSGA2_std,tourist,600,27,69,0.041936,100,100,0.447214,0.001079,0.159099,1.000000,1.627482
NSGA2_std,tourist,600,28,70,0.046878,100,100,0.447214,0.051825,0.209332,1.000000,1.914244
NSGA2_std,tourist,600,29,71,0.050269,100,100,0.447214,0.009125,0.220388,1.000000,1.565979
NSGA2_std,tourist,600,30,72,0.039379,100,100,0.447214,0.001212,0.175493,1.000000,1.345207
NSGA2_std,senior,300,1,43,0.066031,100,100,0.607421,0.009775,0.169134,1.000000,2.753982
NSGA2_std,senior,300,2,44,0.068833,100,100,0.471048,0.020325,0.184055,1.000000,2.386559
NSGA2_std,senior,300,3,45,0.072470,100,100,0.517823,0.048500,0.199088,1.000000,3.320577
NSGA2_std,senior,300,4,46,0.069745,100,100,0.523093,0.032400,0.195086,1.000000,2.201069
NSGA2_std,senior,300,5,47,0.067565,100,100,0.587327,0.048350,0.162281,1.000000,3.176603
NSGA2_std,senior,300,6,48,0.076492,100,100,0.539564,0.038800,0.177411,1.000000,4.028820
NSGA2_std,senior,300,7,49,0.075248,100,100,0.485541,0.036050,0.182890,1.000000,4.114857
NSGA2_std,senior,300,8,50,0.069702,100,100,0.457871,0.052575,0.206451,1.000000,1.973713
NSGA2_std,senior,300,9,51,0.086996,100,100,0.432837,0.023125,0.262227,1.000000,1.841325
NSGA2_std,senior,300,10,52,0.085928,100,100,0.413731,0.011325,0.236647,1.000000,2.059979
NSGA2_std,senior,300,11,53,0.067408,100,100,0.595562,0.019150,0.168434,1.000000,3.312186
NSGA2_std,senior,300,12,54,0.073233,100,100,0.461495,0.037900,0.219848,1.000000,2.440426
NSGA2_std,senior,300,13,55,0.070603,100,100,0.407143,0.019225,0.201103,1.000000,4.815076
NSGA2_std,senior,300,14,56,0.086633,100,100,0.503329,0.030550,0.218661,1.000000,3.459091
NSGA2_std,senior,300,15,57,0.075394,100,100,0.541211,0.087425,0.209644,1.000000,4.165313
NSGA2_std,senior,300,16,58,0.072468,100,100,0.483236,0.021975,0.206573,1.000000,2.647803
NSGA2_std,senior,300,17,59,0.069265,100,100,0.564269,0.036400,0.205896,1.000000,4.186440
NSGA2_std,senior,300,18,60,0.074498,100,100,0.294817,0.037475,0.243196,1.000000,2.409380
NSGA2_std,senior,300,19,61,0.073392,100,100,0.569869,0.060375,0.190487,1.000000,5.462317
NSGA2_std,senior,300,20,62,0.086675,100,100,0.402202,0.032600,0.255859,1.000000,3.093555
NSGA2_std,senior,300,21,63,0.072745,100,100,0.468412,0.042125,0.220924,1.000000,2.875491
NSGA2_std,senior,300,22,64,0.067031,100,100,0.595562,0.016000,0.195989,1.000000,2.218402
NSGA2_std,senior,300,23,65,0.088458,100,100,0.458201,0.017300,0.247405,1.000000,3.308352
NSGA2_std,senior,300,24,66,0.059725,100,100,0.602809,0.007875,0.154517,1.000000,1.703228
NSGA2_std,senior,300,25,67,0.085077,100,100,0.440742,0.011375,0.257233,1.000000,1.919244
NSGA2_std,senior,300,26,68,0.072782,100,100,0.519470,0.042800,0.190838,1.000000,3.425905
NSGA2_std,senior,300,27,69,0.067718,100,100,0.369591,0.023800,0.212128,1.000000,1.897753
NSGA2_std,senior,300,28,70,0.082696,100,100,0.589962,0.018325,0.192569,1.000000,2.150487
NSGA2_std,senior,300,29,71,0.085116,100,100,0.435472,0.011975,0.261806,1.000000,1.726233
NSGA2_std,senior,300,30,72,0.075652,100,100,0.483236,0.098950,0.230855,1.000000,4.871810
NSGA2_std,senior,600,1,43,0.066035,100,100,0.556528,0.019488,0.191181,1.000000,6.553641
NSGA2_std,senior,600,2,44,0.061310,100,100,0.523423,0.021338,0.179357,1.000000,4.900176
NSGA2_std,senior,600,3,45,0.060603,100,100,0.555704,0.006213,0.175532,1.000000,5.667323
NSGA2_std,senior,600,4,46,0.073154,100,100,0.550763,0.025150,0.191335,1.000000,4.516464
NSGA2_std,senior,600,5,47,0.066854,100,100,0.578433,0.026275,0.178604,1.000000,7.551050
NSGA2_std,senior,600,6,48,0.068257,100,100,0.561634,0.017575,0.186711,1.000000,3.567924
NSGA2_std,senior,600,7,49,0.065135,100,100,0.568716,0.033263,0.181674,1.000000,7.437494
NSGA2_std,senior,600,8,50,0.068202,100,100,0.545987,0.025725,0.190325,1.000000,4.259702
NSGA2_std,senior,600,9,51,0.074481,100,100,0.547634,0.018875,0.190707,1.000000,5.634811
NSGA2_std,senior,600,10,52,0.065980,100,100,0.537752,0.016338,0.174510,1.000000,3.477273
NSGA2_std,senior,600,11,53,0.064740,100,100,0.551257,0.020463,0.169802,1.000000,2.218073
NSGA2_std,senior,600,12,54,0.061164,100,100,0.541375,0.010663,0.171877,1.000000,6.290209
NSGA2_std,senior,600,13,55,0.063309,100,100,0.529187,0.011225,0.179276,1.000000,3.082011
NSGA2_std,senior,600,14,56,0.065599,100,100,0.566245,0.011950,0.170973,1.000000,2.844479
NSGA2_std,senior,600,15,57,0.069914,100,100,0.552905,0.025488,0.180998,1.000000,6.668327
NSGA2_std,senior,600,16,58,0.070928,100,100,0.591774,0.009350,0.169120,1.000000,6.141775
NSGA2_std,senior,600,17,59,0.065094,100,100,0.569704,0.018075,0.181143,1.000000,4.676379
NSGA2_std,senior,600,18,60,0.063268,100,100,0.548952,0.021300,0.180197,1.000000,4.767844
NSGA2_std,senior,600,19,61,0.052773,100,100,0.547469,0.010400,0.146682,1.000000,5.535581
NSGA2_std,senior,600,20,62,0.065730,100,100,0.543516,0.017250,0.182877,1.000000,2.773654
NSGA2_std,senior,600,21,63,0.056655,100,100,0.541705,0.020913,0.154792,1.000000,3.366397
NSGA2_std,senior,600,22,64,0.064896,100,100,0.555540,0.020263,0.171161,1.000000,2.872591
NSGA2_std,senior,600,23,65,0.060800,100,100,0.565257,0.006038,0.165484,1.000000,5.026945
NSGA2_std,senior,600,24,66,0.074679,100,100,0.510576,0.019788,0.212347,1.000000,5.079829
NSGA2_std,senior,600,25,67,0.059187,100,100,0.565422,0.013375,0.173901,1.000000,3.657559
NSGA2_std,senior,600,26,68,0.062507,100,100,0.559163,0.005138,0.176000,1.000000,3.375270
NSGA2_std,senior,600,27,69,0.066965,100,100,0.562457,0.020813,0.172094,1.000000,5.312820
NSGA2_std,senior,600,28,70,0.065019,100,100,0.548128,0.022600,0.178865,1.000000,3.642348
NSGA2_std,senior,600,29,71,0.064510,100,100,0.568057,0.037525,0.166165,1.000000,5.534793
NSGA2_std,senior,600,30,72,0.060222,100,100,0.587821,0.010713,0.169672,1.000000,2.084243
MOEAD_std,child,300,1,43,0.071190,100,16,0.578207,0.032187,0.182897,0.160000,2.567929
MOEAD_std,child,300,2,44,0.067649,100,33,0.569614,0.015076,0.211514,0.330000,2.599142
MOEAD_std,child,300,3,45,0.089612,91,26,0.515599,0.034615,0.253146,0.285714,2.530452
MOEAD_std,child,300,4,46,0.060180,100,10,0.618719,0.007500,0.197493,0.100000,2.597654
MOEAD_std,child,300,5,47,0.055710,100,4,0.618719,0.007500,0.182824,0.040000,2.607518
MOEAD_std,child,300,6,48,0.071036,100,10,0.583363,0.013000,0.211159,0.100000,2.585106
MOEAD_std,child,300,7,49,0.071816,100,19,0.614842,0.052105,0.164681,0.190000,2.540060
MOEAD_std,child,300,8,50,0.071872,100,13,0.532030,0.007115,0.222124,0.130000,2.556992
MOEAD_std,child,300,9,51,0.065562,93,9,0.599077,0.062500,0.156359,0.096774,2.563174
MOEAD_std,child,300,10,52,0.071309,98,11,0.593943,0.042955,0.195361,0.112245,2.566925
MOEAD_std,child,300,11,53,0.071313,100,14,0.628189,0.053036,0.146312,0.140000,2.581681
MOEAD_std,child,300,12,54,0.047883,98,12,0.654319,0.079167,0.152654,0.122449,2.563437
MOEAD_std,child,300,13,55,0.057669,100,4,0.530330,0.047500,0.240313,0.040000,2.596688
MOEAD_std,child,300,14,56,0.052264,96,12,0.654319,0.060625,0.135863,0.125000,2.563197
MOEAD_std,child,300,15,57,0.073170,100,7,0.593465,0.043571,0.200935,0.070000,2.556773
MOEAD_std,child,300,16,58,0.067202,100,21,0.636957,0.052381,0.155069,0.210000,2.551145
MOEAD_std,child,300,17,59,0.070892,97,19,0.589643,0.032895,0.182810,0.195876,2.587538
MOEAD_std,child,300,18,60,0.067662,100,15,0.568632,0.052000,0.199017,0.150000,2.581696
MOEAD_std,child,300,19,61,0.074575,100,10,0.610616,0.017750,0.187696,0.100000,2.586175
MOEAD_std,child,300,20,62,0.069595,94,71,0.589048,0.020176,0.194611,0.755319,2.519382
MOEAD_std,child,300,21,63,0.053729,100,9,0.670278,0.097500,0.087974,0.090000,2.572790
MOEAD_std,child,300,22,64,0.068811,98,16,0.607670,0.032188,0.163025,0.163265,2.585765
MOEAD_std,child,300,23,65,0.068122,100,11,0.586577,0.042273,0.182233,0.110000,2.586799
MOEAD_std,child,300,24,66,0.064699,93,11,0.658895,0.090909,0.099325,0.118280,2.565916
MOEAD_std,child,300,25,67,0.060760,100,4,0.574524,0.003750,0.171722,0.040000,2.601970
MOEAD_std,child,300,26,68,0.072603,100,14,0.617666,0.043929,0.153533,0.140000,2.555539
MOEAD_std,child,300,27,69,0.040730,100,5,0.670278,0.090000,0.096136,0.050000,2.583497
MOEAD_std,child,300,28,70,0.074489,100,27,0.615445,0.032778,0.174141,0.270000,2.540347
MOEAD_std,child,300,29,71,0.074163,100,25,0.517956,0.035500,0.254812,0.250000,2.572679
MOEAD_std,child,300,30,72,0.074950,93,34,0.587523,0.029485,0.174661,0.365591,2.538851
MOEAD_std,child,600,1,43,0.068252,100,74,0.588708,0.021233,0.200831,0.740000,2.537565
MOEAD_std,child,600,2,44,0.059099,99,32,0.589371,0.021133,0.193198,0.323232,2.616641
MOEAD_std,child,600,3,45,0.067259,100,59,0.571029,0.024936,0.206145,0.590000,2.636671
MOEAD_std,child,600,4,46,0.050852,99,13,0.607387,0.037308,0.168520,0.131313,2.620597
MOEAD_std,child,600,5,47,0.066658,100,51,0.586295,0.034706,0.192193,0.510000,2.591340
MOEAD_std,child,600,6,48,0.066736,100,73,0.559087,0.020908,0.196095,0.730000,2.534901
MOEAD_std,child,600,7,49,0.059404,98,47,0.596543,0.031755,0.178711,0.479592,2.583126
MOEAD_std,child,600,8,50,0.063878,100,53,0.593564,0.023255,0.192616,0.530000,2.569824
MOEAD_std,child,600,9,51,0.062843,100,48,0.601762,0.032839,0.184968,0.480000,2.532529
MOEAD_std,child,600,10,52,0.066318,94,39,0.589822,0.033686,0.197403,0.414894,2.604730
MOEAD_std,child,600,11,53,0.063703,95,44,0.594947,0.030824,0.195267,0.463158,2.577298
MOEAD_std,child,600,12,54,0.070600,100,53,0.566603,0.022948,0.215093,0.530000,2.562797
MOEAD_std,child,600,13,55,0.062901,95,11,0.554771,0.033523,0.187587,0.115789,2.556313
MOEAD_std,child,600,14,56,0.071033,100,46,0.572923,0.026957,0.211773,0.460000,2.558234
MOEAD_std,child,600,15,57,0.069169,93,40,0.547547,0.034938,0.207054,0.430108,2.607559
MOEAD_std,child,600,16,58,0.069766,98,70,0.572052,0.015911,0.209061,0.714286,2.524747
MOEAD_std,child,600,17,59,0.070603,100,52,0.561564,0.026250,0.210836,0.520000,2.567963
MOEAD_std,child,600,18,60,0.064863,99,63,0.583527,0.020556,0.199209,0.636364,2.548914
MOEAD_std,child,600,19,61,0.068821,97,49,0.583017,0.023980,0.202466,0.505155,2.559962
MOEAD_std,child,600,20,62,0.067986,99,38,0.590128,0.029572,0.195162,0.383838,2.603744
MOEAD_std,child,600,21,63,0.065694,100,53,0.588491,0.031297,0.187898,0.530000,2.572408
MOEAD_std,child,600,22,64,0.065905,100,44,0.581472,0.028835,0.200812,0.440000,2.586779
MOEAD_std,child,600,23,65,0.060312,99,52,0.577711,0.015433,0.198692,0.525253,2.618867
MOEAD_std,child,600,24,66,0.058826,99,25,0.592939,0.029450,0.174954,0.252525,2.620967
MOEAD_std,child,600,25,67,0.059066,100,43,0.587971,0.016570,0.174558,0.430000,2.555631
MOEAD_std,child,600,26,68,0.067311,96,50,0.582553,0.027450,0.191132,0.520833,2.564741
MOEAD_std,child,600,27,69,0.054103,100,38,0.584507,0.027632,0.168816,0.380000,2.603281
MOEAD_std,child,600,28,70,0.074340,66,23,0.573403,0.026413,0.188943,0.348485,2.568032
MOEAD_std,child,600,29,71,0.074404,98,68,0.558872,0.026857,0.222634,0.693878,2.549128
MOEAD_std,child,600,30,72,0.065546,92,44,0.588419,0.021477,0.201299,0.478261,2.544464
MOEAD_std,scholar,300,1,43,0.000000,100,0,0.000000,0.000000,0.000000,0.000000,2.450814
MOEAD_std,scholar,300,2,44,0.000000,100,0,0.000000,0.000000,0.000000,0.000000,2.523227
MOEAD_std,scholar,300,3,45,0.000000,100,0,0.000000,0.000000,0.000000,0.000000,2.453571
MOEAD_std,scholar,300,4,46,0.000000,79,0,0.000000,0.000000,0.000000,0.000000,2.509443
MOEAD_std,scholar,300,5,47,0.000000,100,0,0.000000,0.000000,0.000000,0.000000,2.441446
MOEAD_std,scholar,300,6,48,0.000000,100,0,0.000000,0.000000,0.000000,0.000000,2.580023
MOEAD_std,scholar,300,7,49,0.000000,100,0,0.000000,0.000000,0.000000,0.000000,2.437916
MOEAD_std,scholar,300,8,50,0.000000,30,0,0.000000,0.000000,0.000000,0.000000,2.405943
MOEAD_std,scholar,300,9,51,0.000000,100,0,0.000000,0.000000,0.000000,0.000000,2.438330
MOEAD_std,scholar,300,10,52,0.000000,97,0,0.000000,0.000000,0.000000,0.000000,2.484458
MOEAD_std,scholar,300,11,53,0.000000,100,0,0.000000,0.000000,0.000000,0.000000,2.465826
MOEAD_std,scholar,300,12,54,0.000000,100,0,0.000000,0.000000,0.000000,0.000000,2.433839
MOEAD_std,scholar,300,13,55,0.000000,100,0,0.000000,0.000000,0.000000,0.000000,2.422551
MOEAD_std,scholar,300,14,56,0.000000,100,0,0.000000,0.000000,0.000000,0.000000,2.430038
MOEAD_std,scholar,300,15,57,0.000000,100,0,0.000000,0.000000,0.000000,0.000000,2.452642
MOEAD_std,scholar,300,16,58,0.000000,100,0,0.000000,0.000000,0.000000,0.000000,2.420033
MOEAD_std,scholar,300,17,59,0.000000,100,0,0.000000,0.000000,0.000000,0.000000,2.600502
MOEAD_std,scholar,300,18,60,0.000000,100,0,0.000000,0.000000,0.000000,0.000000,2.591857
MOEAD_std,scholar,300,19,61,0.000000,100,0,0.000000,0.000000,0.000000,0.000000,2.504074
MOEAD_std,scholar,300,20,62,0.000000,100,0,0.000000,0.000000,0.000000,0.000000,2.441554
MOEAD_std,scholar,300,21,63,0.000000,100,0,0.000000,0.000000,0.000000,0.000000,2.557259
MOEAD_std,scholar,300,22,64,0.000000,97,0,0.000000,0.000000,0.000000,0.000000,2.531113
MOEAD_std,scholar,300,23,65,0.000000,97,0,0.000000,0.000000,0.000000,0.000000,2.585362
MOEAD_std,scholar,300,24,66,0.000000,100,0,0.000000,0.000000,0.000000,0.000000,2.575586
MOEAD_std,scholar,300,25,67,0.000000,100,0,0.000000,0.000000,0.000000,0.000000,2.446069
MOEAD_std,scholar,300,26,68,0.000000,100,0,0.000000,0.000000,0.000000,0.000000,2.536170
MOEAD_std,scholar,300,27,69,0.000000,91,0,0.000000,0.000000,0.000000,0.000000,2.451269
MOEAD_std,scholar,300,28,70,0.000000,100,0,0.000000,0.000000,0.000000,0.000000,2.451656
MOEAD_std,scholar,300,29,71,0.000000,100,0,0.000000,0.000000,0.000000,0.000000,2.575680
MOEAD_std,scholar,300,30,72,0.000000,100,0,0.000000,0.000000,0.000000,0.000000,2.466877
MOEAD_std,scholar,600,1,43,0.000000,100,0,0.000000,0.000000,0.000000,0.000000,2.635504
MOEAD_std,scholar,600,2,44,0.000000,98,0,0.000000,0.000000,0.000000,0.000000,2.639240
MOEAD_std,scholar,600,3,45,0.000000,100,0,0.000000,0.000000,0.000000,0.000000,2.649920
MOEAD_std,scholar,600,4,46,0.000000,100,0,0.000000,0.000000,0.000000,0.000000,2.648479
MOEAD_std,scholar,600,5,47,0.000000,100,0,0.000000,0.000000,0.000000,0.000000,2.656543
MOEAD_std,scholar,600,6,48,0.000000,100,0,0.000000,0.000000,0.000000,0.000000,2.664227
MOEAD_std,scholar,600,7,49,0.000000,100,0,0.000000,0.000000,0.000000,0.000000,2.656290
MOEAD_std,scholar,600,8,50,0.000000,93,0,0.000000,0.000000,0.000000,0.000000,2.653974
MOEAD_std,scholar,600,9,51,0.000000,100,0,0.000000,0.000000,0.000000,0.000000,2.636459
MOEAD_std,scholar,600,10,52,0.000000,93,0,0.000000,0.000000,0.000000,0.000000,2.642189
MOEAD_std,scholar,600,11,53,0.000000,88,0,0.000000,0.000000,0.000000,0.000000,2.653187
MOEAD_std,scholar,600,12,54,0.000000,94,0,0.000000,0.000000,0.000000,0.000000,2.631138
MOEAD_std,scholar,600,13,55,0.000000,100,0,0.000000,0.000000,0.000000,0.000000,2.639504
MOEAD_std,scholar,600,14,56,0.000000,100,0,0.000000,0.000000,0.000000,0.000000,2.653477
MOEAD_std,scholar,600,15,57,0.000000,97,0,0.000000,0.000000,0.000000,0.000000,2.653554
MOEAD_std,scholar,600,16,58,0.000000,91,0,0.000000,0.000000,0.000000,0.000000,2.653118
MOEAD_std,scholar,600,17,59,0.000000,96,0,0.000000,0.000000,0.000000,0.000000,2.657858
MOEAD_std,scholar,600,18,60,0.000000,100,0,0.000000,0.000000,0.000000,0.000000,2.644505
MOEAD_std,scholar,600,19,61,0.000000,88,0,0.000000,0.000000,0.000000,0.000000,2.642354
MOEAD_std,scholar,600,20,62,0.000000,93,0,0.000000,0.000000,0.000000,0.000000,2.624230
MOEAD_std,scholar,600,21,63,0.000000,100,0,0.000000,0.000000,0.000000,0.000000,2.622352
MOEAD_std,scholar,600,22,64,0.000000,95,0,0.000000,0.000000,0.000000,0.000000,2.648822
MOEAD_std,scholar,600,23,65,0.000000,99,0,0.000000,0.000000,0.000000,0.000000,2.621220
MOEAD_std,scholar,600,24,66,0.000000,93,0,0.000000,0.000000,0.000000,0.000000,2.665344
MOEAD_std,scholar,600,25,67,0.000000,100,0,0.000000,0.000000,0.000000,0.000000,2.675050
MOEAD_std,scholar,600,26,68,0.000000,100,0,0.000000,0.000000,0.000000,0.000000,2.681958
MOEAD_std,scholar,600,27,69,0.000000,98,0,0.000000,0.000000,0.000000,0.000000,2.653838
MOEAD_std,scholar,600,28,70,0.000000,100,0,0.000000,0.000000,0.000000,0.000000,2.660343
MOEAD_std,scholar,600,29,71,0.000000,100,0,0.000000,0.000000,0.000000,0.000000,2.649226
MOEAD_std,scholar,600,30,72,0.000000,92,0,0.000000,0.000000,0.000000,0.000000,2.662617
MOEAD_std,tourist,300,1,43,0.054172,100,93,0.447214,0.009301,0.230261,0.930000,2.451015
MOEAD_std,tourist,300,2,44,0.064727,100,49,0.447214,0.010663,0.282729,0.490000,2.441684
MOEAD_std,tourist,300,3,45,0.047129,93,86,0.447214,0.018343,0.196828,0.924731,2.440258
MOEAD_std,tourist,300,4,46,0.035675,99,2,0.447214,0.000000,0.159541,0.020202,2.418572
MOEAD_std,tourist,300,5,47,0.051949,100,61,0.447214,0.042910,0.211933,0.610000,2.453766
MOEAD_std,tourist,300,6,48,0.000000,100,0,0.000000,0.000000,0.000000,0.000000,2.451518
MOEAD_std,tourist,300,7,49,0.063307,100,97,0.447214,0.041907,0.255148,0.970000,2.427214
MOEAD_std,tourist,300,8,50,0.036752,100,9,0.447214,0.137500,0.226704,0.090000,2.534286
MOEAD_std,tourist,300,9,51,0.000000,100,0,0.000000,0.000000,0.000000,0.000000,2.451552
MOEAD_std,tourist,300,10,52,0.045996,100,13,0.447214,0.025000,0.216528,0.130000,2.422435
MOEAD_std,tourist,300,11,53,0.000000,100,0,0.000000,0.000000,0.000000,0.000000,2.455857
MOEAD_std,tourist,300,12,54,0.050469,100,41,0.447214,0.048537,0.202846,0.410000,2.429760
MOEAD_std,tourist,300,13,55,0.050233,99,8,0.447214,0.071250,0.221279,0.080808,2.419086
MOEAD_std,tourist,300,14,56,0.000000,96,0,0.000000,0.000000,0.000000,0.000000,2.440801
MOEAD_std,tourist,300,15,57,0.048249,96,1,0.447214,0.002500,0.216859,0.010417,2.454049
MOEAD_std,tourist,300,16,58,0.000000,100,0,0.000000,0.000000,0.000000,0.000000,2.449233
MOEAD_std,tourist,300,17,59,0.047149,99,98,0.447214,0.039643,0.210626,0.989899,2.466541
MOEAD_std,tourist,300,18,60,0.053474,100,34,0.447214,0.022500,0.226276,0.340000,2.434051
MOEAD_std,tourist,300,19,61,0.054861,100,36,0.447214,0.041111,0.261590,0.360000,2.437208
MOEAD_std,tourist,300,20,62,0.051246,100,85,0.447214,0.036147,0.214293,0.850000,2.448984
MOEAD_std,tourist,300,21,63,0.054861,98,42,0.447214,0.040952,0.261157,0.428571,2.437769
MOEAD_std,tourist,300,22,64,0.054132,100,100,0.447214,0.009625,0.229546,1.000000,2.449334
MOEAD_std,tourist,300,23,65,0.050045,100,91,0.447214,0.017747,0.206473,0.910000,2.427649
MOEAD_std,tourist,300,24,66,0.054861,100,38,0.447214,0.040263,0.259273,0.380000,2.464416
MOEAD_std,tourist,300,25,67,0.047587,100,100,0.447214,0.016450,0.205076,1.000000,2.456153
MOEAD_std,tourist,300,26,68,0.000000,100,0,0.000000,0.000000,0.000000,0.000000,2.436945
MOEAD_std,tourist,300,27,69,0.039460,100,100,0.447214,0.015600,0.167883,1.000000,2.422147
MOEAD_std,tourist,300,28,70,0.065089,100,66,0.447214,0.022348,0.288315,0.660000,2.408664
MOEAD_std,tourist,300,29,71,0.044301,100,87,0.447214,0.013103,0.195422,0.870000,2.414847
MOEAD_std,tourist,300,30,72,0.000000,99,0,0.000000,0.000000,0.000000,0.000000,2.551899
MOEAD_std,tourist,600,1,43,0.030877,100,7,0.447214,0.000000,0.138087,0.070000,2.514786
MOEAD_std,tourist,600,2,44,0.055349,100,29,0.447214,0.009397,0.249572,0.290000,2.475774
MOEAD_std,tourist,600,3,45,0.000000,100,0,0.000000,0.000000,0.000000,0.000000,2.505988
MOEAD_std,tourist,600,4,46,0.051642,100,50,0.447214,0.006650,0.213583,0.500000,2.489996
MOEAD_std,tourist,600,5,47,0.000000,100,0,0.000000,0.000000,0.000000,0.000000,2.657993
MOEAD_std,tourist,600,6,48,0.000000,99,0,0.000000,0.000000,0.000000,0.000000,2.559693
MOEAD_std,tourist,600,7,49,0.042895,100,98,0.447214,0.004158,0.191474,0.980000,2.498111
MOEAD_std,tourist,600,8,50,0.000000,65,0,0.000000,0.000000,0.000000,0.000000,2.599588
MOEAD_std,tourist,600,9,51,0.045088,100,43,0.447214,0.000000,0.201640,0.430000,2.520252
MOEAD_std,tourist,600,10,52,0.044977,98,25,0.447214,0.036250,0.216867,0.255102,2.498726
MOEAD_std,tourist,600,11,53,0.000000,100,0,0.000000,0.000000,0.000000,0.000000,2.502193
MOEAD_std,tourist,600,12,54,0.053950,100,100,0.447214,0.007675,0.231273,1.000000,2.494895
MOEAD_std,tourist,600,13,55,0.000000,100,0,0.000000,0.000000,0.000000,0.000000,2.500999
MOEAD_std,tourist,600,14,56,0.050396,100,100,0.447214,0.008125,0.214075,1.000000,2.483787
MOEAD_std,tourist,600,15,57,0.039696,100,9,0.447214,0.000000,0.177526,0.090000,2.499541
MOEAD_std,tourist,600,16,58,0.049428,98,81,0.447214,0.008889,0.218205,0.826531,2.490119
MOEAD_std,tourist,600,17,59,0.039174,99,91,0.447214,0.000632,0.173137,0.919192,2.523513
MOEAD_std,tourist,600,18,60,0.035432,98,1,0.447214,0.000000,0.158457,0.010204,2.472405
MOEAD_std,tourist,600,19,61,0.054102,99,99,0.447214,0.011111,0.233069,1.000000,2.519075
MOEAD_std,tourist,600,20,62,0.000000,100,0,0.000000,0.000000,0.000000,0.000000,2.485425
MOEAD_std,tourist,600,21,63,0.051383,99,98,0.447214,0.008418,0.221739,0.989899,2.489621
MOEAD_std,tourist,600,22,64,0.000000,25,0,0.000000,0.000000,0.000000,0.000000,2.459664
MOEAD_std,tourist,600,23,65,0.043066,100,100,0.447214,0.004337,0.188367,1.000000,2.504657
MOEAD_std,tourist,600,24,66,0.000000,100,0,0.000000,0.000000,0.000000,0.000000,2.499421
MOEAD_std,tourist,600,25,67,0.000000,100,0,0.000000,0.000000,0.000000,0.000000,2.492045
MOEAD_std,tourist,600,26,68,0.000000,100,0,0.000000,0.000000,0.000000,0.000000,2.490555
MOEAD_std,tourist,600,27,69,0.048792,100,13,0.447214,0.007500,0.221528,0.130000,2.477431
MOEAD_std,tourist,600,28,70,0.056243,99,7,0.447214,0.038571,0.241990,0.070707,2.473956
MOEAD_std,tourist,600,29,71,0.000000,100,0,0.000000,0.000000,0.000000,0.000000,2.499967
MOEAD_std,tourist,600,30,72,0.042972,99,10,0.447214,0.002500,0.193141,0.101010,2.495839
MOEAD_std,senior,300,1,43,0.072851,100,54,0.641240,0.010556,0.201409,0.540000,2.458868
MOEAD_std,senior,300,2,44,0.068628,100,57,0.621013,0.011053,0.202482,0.570000,2.487795
MOEAD_std,senior,300,3,45,0.066364,100,68,0.618795,0.002537,0.199732,0.680000,2.490385
MOEAD_std,senior,300,4,46,0.066846,100,76,0.644418,0.002763,0.197951,0.760000,2.453368
MOEAD_std,senior,300,5,47,0.065646,100,49,0.644153,0.002857,0.197597,0.490000,2.486093
MOEAD_std,senior,300,6,48,0.072850,99,59,0.608671,0.013898,0.204087,0.595960,2.509216
MOEAD_std,senior,300,7,49,0.066846,100,64,0.635235,0.006016,0.198871,0.640000,2.449801
MOEAD_std,senior,300,8,50,0.064299,100,91,0.652220,0.000000,0.197170,0.910000,2.471599
MOEAD_std,senior,300,9,51,0.071806,100,63,0.644377,0.007540,0.199046,0.630000,2.459843
MOEAD_std,senior,300,10,52,0.066846,100,85,0.640594,0.004118,0.198334,0.850000,2.446755
MOEAD_std,senior,300,11,53,0.068628,100,79,0.638460,0.004873,0.199512,0.790000,2.463305
MOEAD_std,senior,300,12,54,0.064299,100,58,0.652220,0.000000,0.197170,0.580000,2.469465
MOEAD_std,senior,300,13,55,0.064042,100,61,0.597679,0.006107,0.180274,0.610000,2.527174
MOEAD_std,senior,300,14,56,0.087361,100,75,0.569210,0.011533,0.230034,0.750000,2.472568
MOEAD_std,senior,300,15,57,0.068582,100,65,0.617759,0.010500,0.201980,0.650000,2.436827
MOEAD_std,senior,300,16,58,0.067973,100,64,0.640897,0.011172,0.201531,0.640000,2.455583
MOEAD_std,senior,300,17,59,0.062734,97,76,0.597175,0.012434,0.174192,0.783505,2.429716
MOEAD_std,senior,300,18,60,0.064299,100,88,0.652220,0.000000,0.197170,0.880000,2.443076
MOEAD_std,senior,300,19,61,0.068879,100,61,0.618199,0.006639,0.200915,0.610000,2.504290
MOEAD_std,senior,300,20,62,0.066846,100,75,0.629820,0.007933,0.199413,0.750000,2.473762
MOEAD_std,senior,300,21,63,0.068628,100,72,0.642612,0.003403,0.198805,0.720000,2.492407
MOEAD_std,senior,300,22,64,0.069818,100,55,0.632456,0.009182,0.200727,0.550000,2.477688
MOEAD_std,senior,300,23,65,0.065646,100,95,0.648059,0.001474,0.197390,0.950000,2.469879
MOEAD_std,senior,300,24,66,0.071522,100,80,0.597045,0.015281,0.204851,0.800000,2.498704
MOEAD_std,senior,300,25,67,0.066212,100,50,0.600833,0.007750,0.178961,0.500000,2.477200
MOEAD_std,senior,300,26,68,0.064299,100,52,0.652220,0.000000,0.197170,0.520000,2.473970
MOEAD_std,senior,300,27,69,0.073650,100,62,0.627780,0.018911,0.203206,0.620000,2.529597
MOEAD_std,senior,300,28,70,0.066846,100,94,0.651168,0.000372,0.197275,0.940000,2.475165
MOEAD_std,senior,300,29,71,0.083064,96,65,0.567082,0.007269,0.228512,0.677083,2.469349
MOEAD_std,senior,300,30,72,0.068628,100,68,0.633327,0.006691,0.200385,0.680000,2.480678
MOEAD_std,senior,600,1,43,0.057913,98,98,0.584994,0.016824,0.173863,1.000000,2.508556
MOEAD_std,senior,600,2,44,0.067642,97,97,0.554078,0.009188,0.199541,1.000000,2.488705
MOEAD_std,senior,600,3,45,0.057975,100,89,0.568203,0.018385,0.172983,0.890000,2.479461
MOEAD_std,senior,600,4,46,0.062546,100,100,0.586174,0.016000,0.186946,1.000000,2.484015
MOEAD_std,senior,600,5,47,0.062556,98,69,0.567004,0.023279,0.182364,0.704082,2.502788
MOEAD_std,senior,600,6,48,0.061941,89,89,0.581713,0.008483,0.185553,1.000000,2.496119
MOEAD_std,senior,600,7,49,0.066575,100,90,0.579751,0.023167,0.195312,0.900000,2.490163
MOEAD_std,senior,600,8,50,0.055071,100,100,0.586668,0.006175,0.170048,1.000000,2.540108
MOEAD_std,senior,600,9,51,0.053302,100,100,0.584198,0.005400,0.162006,1.000000,2.477247
MOEAD_std,senior,600,10,52,0.060024,98,63,0.561503,0.006369,0.177236,0.642857,2.511646
MOEAD_std,senior,600,11,53,0.061497,100,71,0.573580,0.017271,0.179611,0.710000,2.514441
MOEAD_std,senior,600,12,54,0.058980,100,90,0.573712,0.019903,0.186210,0.900000,2.514253
MOEAD_std,senior,600,13,55,0.057874,100,68,0.568658,0.027776,0.162511,0.680000,2.502446
MOEAD_std,senior,600,14,56,0.062941,100,100,0.562128,0.024850,0.174135,1.000000,2.459372
MOEAD_std,senior,600,15,57,0.060420,93,64,0.570126,0.011699,0.176390,0.688172,2.509036
MOEAD_std,senior,600,16,58,0.062615,96,67,0.562740,0.010448,0.190247,0.697917,2.490682
MOEAD_std,senior,600,17,59,0.048118,99,34,0.551945,0.010110,0.161990,0.343434,2.542329
MOEAD_std,senior,600,18,60,0.056745,95,56,0.576633,0.008705,0.173157,0.589474,2.500533
MOEAD_std,senior,600,19,61,0.062727,100,100,0.562622,0.013625,0.180981,1.000000,2.468537
MOEAD_std,senior,600,20,62,0.063402,100,77,0.549548,0.014318,0.179431,0.770000,2.519905
MOEAD_std,senior,600,21,63,0.046364,99,71,0.584715,0.013891,0.125881,0.717172,2.513255
MOEAD_std,senior,600,22,64,0.059115,99,42,0.545556,0.015446,0.180465,0.424242,2.579008
MOEAD_std,senior,600,23,65,0.060889,97,56,0.549575,0.007589,0.177680,0.577320,2.520057
MOEAD_std,senior,600,24,66,0.052440,97,56,0.579574,0.010558,0.165125,0.577320,2.574240
MOEAD_std,senior,600,25,67,0.049592,100,55,0.562682,0.033364,0.158923,0.550000,2.635026
MOEAD_std,senior,600,26,68,0.058630,100,69,0.571301,0.017790,0.174841,0.690000,2.535034
MOEAD_std,senior,600,27,69,0.044969,83,83,0.593086,0.008238,0.137863,1.000000,2.475417
MOEAD_std,senior,600,28,70,0.058423,90,90,0.581398,0.013194,0.172611,1.000000,2.503010
MOEAD_std,senior,600,29,71,0.063870,99,66,0.561883,0.030663,0.183100,0.666667,2.493587
MOEAD_std,senior,600,30,72,0.052796,98,42,0.589868,0.004286,0.164727,0.428571,2.510481
